customer_id,customer_name,email,phone,city,state,registration_date
CUST00001,Aryan Maharaj,udantdewan@example.net,918196001338.0,Kishanganj,Gujarat,2026-02-25
CUST00002,Thomas Sen,abeer26@example.com,2351161559.0,Varanasi,Telangana,2025-06-04
CUST00003,Kritika Brar,janaki93@example.net,910341316475.0,Uluberia,Kerala,2023-04-19
CUST00004,Ekbal Garg,nihalshere@example.com,8350305641.0,Tezpur,Tamil Nadu,2024-03-11
CUST00005,Xalak Randhawa,qdhar@example.org,918849696532.0,Mysore,Tripura,2021-12-01
CUST00006,Michael Dutta,ybhatt@example.com,7848018451.0,Raebareli,Goa,2025-05-17
CUST00007,Adya Tella,cust00007@generated.com,8932528809.0,Unnao,Andhra Pradesh,2022-06-20
CUST00008,Damyanti Khatri,khoslafarhan@example.org,7182278248.0,Rajpur Sonarpur,Nagaland,2023-03-24
CUST00009,Mohini Prakash,cvarughese@example.org,913150983930.0,Allahabad,Haryana,2022-02-02
CUST00010,Ganga Bobal,aryasunder@example.org,2997376311.0,Raichur,Maharashtra,2025-01-05
CUST00011,Chatura Chaudhari,rauharinakshi@example.org,913387262473.0,Mango,Uttar Pradesh,2026-03-13
CUST00012,Chandresh Zachariah,chanderwarjas@example.org,7736026064.0,Baranagar,Maharashtra,2026-03-30
CUST00013,Mohammed Gupta,teerth09@example.net,500978820.0,Gaya,Assam,2022-02-04
CUST00014,Netra Dar,balveerbumb@example.com,9985435346.0,Dewas,Manipur,2024-03-16
CUST00015,Aditya Shanker,borahtanay@example.net,2513542784.0,Begusarai,Jharkhand,2022-05-25
CUST00016,Aishani D’Alia,dugalanita@example.com,3534874016.0,Varanasi,Andhra Pradesh,2024-05-09
CUST00017,Adweta Edwin,jsane@example.org,911280598262.0,Aizawl,Kerala,2021-11-08
CUST00018,Shivansh Krish,pandyaniharika@example.net,2322602563.0,Kozhikode,Uttar Pradesh,2022-06-08
CUST00019,Balvan Singhal,ryansharma@example.com,3303654145.0,Jorhat,Karnataka,2021-10-01
CUST00020,Advika Gokhale,balvan19@example.com,5698169340.0,Mumbai,Mizoram,2026-02-04
CUST00021,Januja Sankar,narayanandipta@example.net,914846564823.0,Nadiad,Sikkim,2022-12-30
CUST00022,Nidra Acharya,bhavini36@example.net,5777387214.0,Tiruchirappalli,Uttarakhand,2023-07-07
CUST00023,Umang Issac,aryanbatra@example.org,9176936763.0,Kolkata,Tripura,2022-06-04
CUST00024,Theodore Goda,jbedi@example.org,917278895798.0,Motihari,Manipur,2022-11-14
CUST00025,Shivani Lad,aradhanaverma@example.com,3471434558.0,Durgapur,Chhattisgarh,2023-06-26
CUST00026,Michael Kala,sachdevanikita@example.com,7603669096.0,Chennai,Kerala,2024-01-21
CUST00027,Oni Yohannan,vinayakanda@example.com,7065627298.0,Singrauli,Odisha,2026-04-26
CUST00028,Fiyaz Sangha,cust00028@generated.com,6537556464.0,Nandyal,Andhra Pradesh,2026-02-07
CUST00029,Inaya Kapur,bariaazaan@example.org,910923271937.0,Arrah,Goa,2022-06-28
CUST00030,Deepa Chokshi,munikeya@example.com,3193149190.0,Katihar,Maharashtra,2024-09-01
CUST00031,Yashawini Om,salvivrishti@example.org,5726284987.0,Junagadh,Uttarakhand,2023-10-19
CUST00032,Yatan Chadha,shravya37@example.net,6507527354.0,Parbhani,Punjab,2023-11-13
CUST00033,Zansi Halder,khurananiharika@example.com,3777014363.0,Amaravati,Kerala,2025-07-17
CUST00034,Pavani Narayanan,sudiksha44@example.com,911351823374.0,Salem,Uttarakhand,2023-03-03
CUST00035,Utkarsh Patel,chasmumatwal@example.net,2400842710.0,Nandyal,Meghalaya,2025-04-06
CUST00036,Qarin Behl,vanya11@example.com,1902294131.0,Medininagar,Punjab,2023-06-09
CUST00037,Shravya Savant,pushti49@example.net,919133412328.0,Sangli-Miraj & Kupwad,Andhra Pradesh,2024-12-28
CUST00038,Upma Manne,katabhavya@example.net,7134936183.0,Shimoga,Uttarakhand,2022-09-22
CUST00039,Darpan Gandhi,bhavya71@example.com,4648877190.0,North Dumdum,Punjab,2023-08-24
CUST00040,Gavin Karnik,luthrabanjeet@example.org,8742967175.0,Thoothukudi,Karnataka,2022-05-28
CUST00041,Forum Sabharwal,qmani@example.com,715451680.0,Haridwar,Arunachal Pradesh,2023-02-10
CUST00042,Wishi Sathe,janiamara@example.net,914771093248.0,Suryapet,Maharashtra,2022-04-23
CUST00043,Ishaan Shenoy,dubewishi@example.net,8467737826.0,Khora ,Mizoram,2022-09-05
CUST00044,Anya Sachdeva,yashica40@example.com,4997278755.0,Sirsa,Karnataka,2023-02-14
CUST00045,Leela Kaur,ubassi@example.net,6627028951.0,Salem,Mizoram,2025-05-27
CUST00046,Maanas Rout,falansingh@example.com,9615865780.0,Noida,Rajasthan,2023-12-17
CUST00047,Gautam Saraf,chaudhrysachi@example.org,4005045562.0,Bettiah,Maharashtra,2026-05-01
CUST00048,Onkar Gill,rajawridesh@example.com,2374740748.0,Srinagar,Manipur,2024-06-15
CUST00049,Panini Krishna,mmittal@example.com,1369594406.0,Bangalore,Odisha,2021-12-07
CUST00050,Bhavini Karpe,cust00050@generated.com,2104709521.0,Khammam,Telangana,2025-01-18
CUST00051,Sai Deo,yachana42@example.com,4517123685.0,Tenali,Andhra Pradesh,2023-10-07
CUST00052,Suhani Pillay,lakshmi51@example.net,917098593174.0,Bhiwandi,Chhattisgarh,2021-11-25
CUST00053,Daksha Tailor,chatterjeewahab@example.net,916758692617.0,Parbhani,Arunachal Pradesh,2024-09-01
CUST00054,Sachi Saxena,jananichaudhary@example.net,8506431713.0,Dhanbad,Uttar Pradesh,2024-05-09
CUST00055,Jeremiah Jha,johaltarak@example.org,2904228421.0,Mira-Bhayandar,Andhra Pradesh,2024-07-25
CUST00056,Ekiya Babu,alkaben@example.org,6811775891.0,Ambala,Haryana,2021-11-19
CUST00057,Tara Balasubramanian,srinivasneelima@example.com,1771159212.0,Bhimavaram,Nagaland,2024-04-13
CUST00058,Chaitaly Setty,ychaudhary@example.net,918367365766.0,Satara,Maharashtra,2024-03-04
CUST00059,Kavya Dua,fbhavsar@example.org,916152809885.0,Bulandshahr,Kerala,2025-02-11
CUST00060,Bhavna Muni,hemang98@example.org,917315851493.0,Kishanganj,Tripura,2026-04-02
CUST00061,Amara Balakrishnan,anjalimore@example.com,229612018.0,Gandhinagar,Maharashtra,2025-05-17
CUST00062,Nakul Pingle,ekta99@example.org,912290147679.0,Vijayanagaram,Himachal Pradesh,2023-05-08
CUST00063,Hemani Sani,mandervidhi@example.net,4036900343.0,Rohtak,Jharkhand,2024-04-22
CUST00064,Abhimanyu Tank,igill@example.com,3885160607.0,Satara,Odisha,2025-03-02
CUST00065,Omisha Mann,ravelansh@example.com,919751613696.0,Tenali,West Bengal,2024-02-26
CUST00066,Timothy Nath,farajuppal@example.net,918835523124.0,Malegaon,Punjab,2022-10-25
CUST00067,Peter Tak,rsen@example.net,9552717744.0,Nagercoil,Mizoram,2022-02-23
CUST00068,Triya Seth,bhandarijyoti@example.com,9999999999,Pondicherry,Punjab,2025-07-24
CUST00069,David Seshadri,ozafrado@example.net,2037788925.0,Ichalkaranji,Madhya Pradesh,2024-12-29
CUST00070,Charles Natt,narayangirindra@example.net,6449251925.0,Katni,Chhattisgarh,2022-03-28
CUST00071,Krisha Narasimhan,giriksampath@example.net,542357332.0,Solapur,Jharkhand,2022-05-18
CUST00072,Gayathri Deep,kdube@example.org,9270653794.0,Muzaffarpur,Nagaland,2023-07-21
CUST00073,Upasna Hari,ridhi74@example.com,8623924075.0,Hazaribagh,West Bengal,2022-07-30
CUST00074,Fiyaz Dyal,shivani82@example.com,913750606853.0,Jodhpur,Kerala,2023-06-05
CUST00075,Eiravati Chaudhary,madhav20@example.com,2779010432.0,Bhubaneswar,Tripura,2023-12-20
CUST00076,Charvi Dara,khareoni@example.net,7117980893.0,Jalna,Maharashtra,2021-07-12
CUST00077,Wridesh Saha,frederickviswanathan@example.com,918888806706.0,Nizamabad,Telangana,2021-08-27
CUST00078,Ekansh Pai,hemangnatarajan@example.org,915852772217.0,Durg,Gujarat,2021-11-21
CUST00079,Benjamin Mutti,yutika68@example.com,345054156.0,Gandhidham,Madhya Pradesh,2024-05-26
CUST00080,Watika Tank,zilmil41@example.net,1692845115.0,Farrukhabad,Manipur,2025-02-20
CUST00081,Sachi Panchal,ubasak@example.com,6401658202.0,Visakhapatnam,Chhattisgarh,2022-02-01
CUST00082,Jeevika Pathak,mbali@example.org,7557192856.0,Alwar,Haryana,2022-06-25
CUST00083,Quincy Tata,qdalal@example.com,7394731217.0,Raiganj,Assam,2024-03-26
CUST00084,Dhruv Mannan,nakul25@example.net,911323705895.0,Suryapet,Chhattisgarh,2022-04-01
CUST00085,Dayamai Rao,avora@example.com,1251778528.0,Bikaner,Maharashtra,2025-10-17
CUST00086,Jeet Vasa,dakshagala@example.org,3584143842.0,Srikakulam,Nagaland,2022-04-24
CUST00087,Mitesh Garg,benjamin01@example.org,9439690784.0,Karawal Nagar,Haryana,2024-12-20
CUST00088,Sudiksha Bora,dugarria@example.com,7359255562.0,Kottayam,Nagaland,2022-06-02
CUST00089,Wyatt Shukla,lokeshivani@example.org,911046963259.0,Jhansi,Tripura,2022-11-15
CUST00090,Yutika Sibal,fmorar@example.org,916873395004.0,Kavali,Uttarakhand,2025-07-09
CUST00091,Abhiram Chokshi,qdesai@example.net,6506098358.0,Srinagar,Madhya Pradesh,2025-10-21
CUST00092,Ati Dani,gunbirramesh@example.com,8523986800.0,Durgapur,Tamil Nadu,2024-05-07
CUST00093,Zilmil Shan,yutikadey@example.com,5269495888.0,Phusro,Jharkhand,2025-07-22
CUST00094,Jyoti Narula,sahadarika@example.net,974993097.0,Loni,Rajasthan,2024-10-01
CUST00095,Xavier Balay,cust00095@generated.com,6263689702.0,Kishanganj,Karnataka,2025-08-02
CUST00096,Dipta Ghose,vwalia@example.net,4973348434.0,Dhule,Tamil Nadu,2025-09-04
CUST00097,Varsha Palla,bhavna19@example.net,6652404157.0,Nangloi Jat,Gujarat,2023-03-27
CUST00098,Anita Devan,khatrixavier@example.org,8330165712.0,Jamalpur,Goa,2024-12-23
CUST00099,Vansha Iyengar,ekani40@example.org,9380262067.0,Ramagundam,Arunachal Pradesh,2021-08-05
CUST00100,Hredhaan Nayak,suhani88@example.com,918743152742.0,Naihati,Uttar Pradesh,2024-01-10
CUST00101,Parth Ravi,uvarma@example.org,1227530463.0,Shimoga,Karnataka,2024-02-01
CUST00102,Advika Parsa,daviddani@example.com,2684145933.0,Morena,Chhattisgarh,2025-05-21
CUST00103,Ojasvi Sinha,yugbumb@example.net,8519108839.0,Dehradun,Karnataka,2025-12-10
CUST00104,Jackson Jha,gchand@example.com,917286790874.0,Tenali,Himachal Pradesh,2021-07-17
CUST00105,Elijah Bath,cust00105@generated.com,170462265.0,Sultan Pur Majra,West Bengal,2024-09-22
CUST00106,Faris Zacharia,ijayadani@example.org,6823004786.0,Berhampur,Haryana,2025-06-08
CUST00107,Mohammed Majumdar,isaiahbalay@example.net,9033119079.0,Sambalpur,Telangana,2021-11-22
CUST00108,Reva Kaur,dakshdey@example.net,3959953428.0,Haridwar,Jharkhand,2023-11-09
CUST00109,Parth Sane,cust00109@generated.com,6856624628.0,New Delhi,West Bengal,2023-06-08
CUST00110,Maanas Sheth,sacharomaja@example.net,2634351751.0,Faridabad,Himachal Pradesh,2024-09-21
CUST00111,Elijah Guha,varenyajoshi@example.com,331739363.0,Ichalkaranji,Madhya Pradesh,2025-06-25
CUST00112,Darika Lal,yochana77@example.org,7535560932.0,Bhilwara,Nagaland,2026-06-26
CUST00113,Chakrika Dua,forumkarpe@example.com,3785477725.0,Kolhapur,Telangana,2026-03-02
CUST00114,Qarin Bhargava,bordechanakya@example.org,2312038750.0,Morbi,Andhra Pradesh,2021-07-28
CUST00115,Advik Badal,bhavini08@example.net,6211823398.0,Raichur,Himachal Pradesh,2024-11-22
CUST00116,Kashvi Ravi,skohli@example.org,1016668700.0,Gwalior,Meghalaya,2025-03-17
CUST00117,Girish Wable,karpesiddharth@example.net,7401489025.0,Dhule,Odisha,2022-09-28
CUST00118,Faraj Mistry,wrideshramachandran@example.net,5621850163.0,Mau,Punjab,2024-11-21
CUST00119,Ayushman Mahajan,oswaminathan@example.com,6629619431.0,Agartala,Chhattisgarh,2024-09-30
CUST00120,Lopa Nadig,hredhaan10@example.com,5412126788.0,Kota,Andhra Pradesh,2022-04-12
CUST00121,Girik Nair,cust00121@generated.com,1839826224.0,Agartala,Meghalaya,2022-10-04
CUST00122,Oliver Saran,oviya47@example.org,4379937124.0,Tenali,Karnataka,2024-09-30
CUST00123,Ria Natt,tdeshpande@example.com,3752654793.0,Gandhinagar,Himachal Pradesh,2024-11-09
CUST00124,Ishaan Iyengar,avishenoy@example.net,917416724342.0,Burhanpur,Assam,2025-05-03
CUST00125,Nandini Warrior,ybansal@example.com,8911352909.0,Bathinda,Uttar Pradesh,2025-03-06
CUST00126,Advaith Chaudhari,tristan88@example.net,9375679825.0,Karawal Nagar,Bihar,2024-01-11
CUST00127,Frederick D’Alia,ijayamuni@example.com,3875717751.0,Varanasi,Uttar Pradesh,2022-06-30
CUST00128,Hemal Chopra,yagneshvarty@example.org,2586736226.0,Bhopal,Telangana,2023-03-13
CUST00129,Pushti Ramachandran,kalasamesh@example.com,1918255371.0,Unnao,Mizoram,2024-03-07
CUST00130,Manya Comar,indira79@example.org,4991251341.0,Dindigul,Tamil Nadu,2022-09-20
CUST00131,Omya Devi,lsampath@example.com,8282742257.0,Secunderabad,Andhra Pradesh,2025-08-21
CUST00132,Robert Rajagopalan,rrege@example.com,7721903404.0,Siwan,Jharkhand,2022-12-12
CUST00133,Warhi Vaidya,comaramrita@example.net,8078361340.0,Firozabad,Kerala,2022-04-04
CUST00134,Jacob Khalsa,indalisangha@example.org,2330958498.0,North Dumdum,Tamil Nadu,2024-01-03
CUST00135,Amara Varkey,deshmukhnisha@example.org,2232536729.0,Vijayanagaram,Madhya Pradesh,2025-05-12
CUST00136,Girik Rau,jyoti77@example.com,175186363.0,Agartala,Karnataka,2023-12-06
CUST00137,Kalpit Sundaram,chanakya01@example.net,127706324.0,Panipat,Assam,2024-07-31
CUST00138,Fitan Prabhu,charlesrandhawa@example.net,3611037129.0,Kadapa,Sikkim,2025-04-20
CUST00139,Abhiram Oza,samikevin@example.com,913611155426.0,Asansol,Assam,2026-01-11
CUST00140,Nitesh Sarraf,tanay26@example.net,7311219656.0,Kolhapur,Haryana,2023-11-15
CUST00141,Yuvraj Mane,mitrasamesh@example.net,8364037613.0,Hindupur,Assam,2026-01-04
CUST00142,Jalsa Nadig,lilasalvi@example.com,2710910430.0,Sikar,Mizoram,2023-12-15
CUST00143,Pallavi Ratti,cust00143@generated.com,914183285691.0,Junagadh,Telangana,2023-07-19
CUST00144,Yash Chadha,ddalia@example.net,9999999999,Rourkela,Kerala,2022-08-06
CUST00145,Jacob Balan,pushti48@example.org,9177850792.0,Sangli-Miraj & Kupwad,Himachal Pradesh,2022-05-23
CUST00146,Vedant Upadhyay,basuadvik@example.org,917562208635.0,Erode,Telangana,2024-03-28
CUST00147,Faras Pradhan,thakkarcharles@example.org,918061744518.0,Bangalore,Kerala,2023-03-23
CUST00148,Daksha Kibe,lpillay@example.com,918320603850.0,Mumbai,Tripura,2024-09-19
CUST00149,Hemang Jha,oniswamy@example.org,914103865719.0,Dibrugarh,Chhattisgarh,2024-11-14
CUST00150,David Saran,warjasmanne@example.com,6557431329.0,Bhatpara,Bihar,2022-11-30
CUST00151,Unnati Murthy,idara@example.com,917474112490.0,Khammam,Chhattisgarh,2022-04-17
CUST00152,Ishani Randhawa,mistryabha@example.org,916788317121.0,Ghaziabad,Uttarakhand,2023-05-29
CUST00153,Rudra Rattan,frado99@example.com,910137215107.0,Gulbarga,Odisha,2025-03-14
CUST00154,Watika Balan,lsandhu@example.com,912447209993.0,Panchkula,Maharashtra,2026-03-14
CUST00155,Darsh Chahal,leela26@example.org,8380657875.0,Munger,Himachal Pradesh,2023-01-17
CUST00156,Eiravati Kanda,manddalbir@example.com,5932133480.0,Ramgarh,West Bengal,2024-10-26
CUST00157,Oscar Goda,eeshaparmer@example.net,915992937842.0,Agra,Assam,2021-12-29
CUST00158,Theodore Bahri,vacharya@example.net,912525002921.0,Srinagar,Kerala,2024-11-18
CUST00159,Gayathri Mittal,laban26@example.net,5289539264.0,Warangal,Goa,2021-07-13
CUST00160,Bachittar Gopal,timothy91@example.com,915135521570.0,Bhagalpur,Haryana,2022-02-03
CUST00161,Aahana Chokshi,bavalibni@example.com,6267658617.0,Ujjain,Manipur,2022-02-22
CUST00162,Chaitaly Bahri,advika11@example.com,916218159970.0,Dehradun,Punjab,2025-03-18
CUST00163,Chatresh Chaudhuri,samesh36@example.net,8444310698.0,Jamnagar,Arunachal Pradesh,2024-08-02
CUST00164,Prisha Chahal,varsha31@example.org,912417146774.0,Tinsukia,Madhya Pradesh,2023-02-02
CUST00165,Lakshmi Pingle,sanayabasu@example.com,7434902115.0,Giridih,Haryana,2026-03-23
CUST00166,Lila Virk,rwason@example.com,3741608989.0,Jamshedpur,Tripura,2025-05-03
CUST00167,Oliver Kakar,jonathanbasak@example.com,916329451168.0,Suryapet,Karnataka,2023-11-13
CUST00168,Advik Virk,achowdhury@example.org,919991191485.0,Bilaspur,Madhya Pradesh,2025-08-24
CUST00169,Baljiwan Gera,neha29@example.net,6065307450.0,Avadi,Jharkhand,2023-11-26
CUST00170,Guneet Kari,charitasavant@example.com,6913736785.0,Kottayam,Uttar Pradesh,2022-11-13
CUST00171,Deepa Toor,xdeshmukh@example.net,233030705.0,Panipat,Kerala,2025-06-19
CUST00172,Jatin Balasubramanian,kashishsuresh@example.net,2798552414.0,Kharagpur,Arunachal Pradesh,2022-11-26
CUST00173,Timothy Kar,amrutarout@example.net,910722903494.0,Bhusawal,Madhya Pradesh,2024-06-25
CUST00174,Zayyan Kamdar,rmittal@example.net,6910858994.0,Moradabad,Meghalaya,2022-01-22
CUST00175,Aradhana Nair,advika43@example.org,3096520744.0,Machilipatnam,Madhya Pradesh,2021-10-25
CUST00176,Hemal Kapadia,cust00176@generated.com,918241724825.0,Korba,Kerala,2023-06-01
CUST00177,Osha Narula,abha94@example.com,917099917381.0,Bettiah,Jharkhand,2025-01-11
CUST00178,Matthew Devan,hemarout@example.net,2521752500.0,Panipat,Gujarat,2022-12-13
CUST00179,Vrishti Chakrabarti,radhasanghvi@example.com,7600835058.0,Surat,Sikkim,2021-07-20
CUST00180,Upkaar Padmanabhan,kai16@example.net,4210447898.0,Raebareli,Sikkim,2022-08-27
CUST00181,Vrishti Parmer,niteshraval@example.org,913230982150.0,Rohtak,Tripura,2026-01-24
CUST00182,Chanakya Chokshi,bavajack@example.com,6184723046.0,Saharsa,Himachal Pradesh,2022-09-07
CUST00183,Henry Vaidya,mandalishaan@example.org,3934835642.0,Motihari,Meghalaya,2023-04-14
CUST00184,Ganga Keer,aryagaurav@example.org,9999999999,Madhyamgram,Arunachal Pradesh,2022-05-14
CUST00185,Balveer Mannan,dhriti61@example.org,910225579415.0,South Dumdum,Bihar,2024-12-04
CUST00186,Tanmayi Magar,zsridhar@example.com,2120216979.0,Bokaro,Punjab,2024-09-29
CUST00187,Ayush De,hsura@example.com,145089935.0,Bhiwani,Sikkim,2023-08-19
CUST00188,Hiral Rajan,chaturaapte@example.net,918772175354.0,Guna,Haryana,2026-03-14
CUST00189,Neha Keer,sharafsachi@example.net,1775170166.0,Proddatur,Nagaland,2021-07-08
CUST00190,Daksha Trivedi,tanmayiom@example.com,913758997571.0,Korba,Andhra Pradesh,2024-06-02
CUST00191,Bishakha Vig,hitesh02@example.com,916149331637.0,Sonipat,Bihar,2025-01-15
CUST00192,Jatin Seshadri,ithaman@example.com,918086978292.0,Vasai-Virar,Madhya Pradesh,2024-04-02
CUST00193,Omya Kothari,mitali54@example.com,912698485833.0,Ramagundam,Sikkim,2024-06-14
CUST00194,Pranav Thakur,jack58@example.com,9684608106.0,Meerut,Sikkim,2021-12-30
CUST00195,Amara Dyal,zashil20@example.net,3805719838.0,Patiala,Mizoram,2023-12-18
CUST00196,Lakshmi Ram,jmunshi@example.org,914397359893.0,Durg,Manipur,2023-01-10
CUST00197,Rachit Ghose,purohitbanjeet@example.com,8422940572.0,Jamnagar,Karnataka,2021-12-13
CUST00198,Vritti Parmar,nadkarnithomas@example.org,1826886153.0,Bathinda,Karnataka,2024-08-01
CUST00199,Tejas Wali,handra@example.net,7399305616.0,Panvel,Telangana,2023-12-03
CUST00200,Zansi Prasad,csur@example.com,3581128801.0,Kakinada,West Bengal,2025-02-14
CUST00201,Samesh Yogi,vbora@example.net,910750110248.0,Ramgarh,Uttarakhand,2023-06-15
CUST00202,Nikita Rama,cust00202@generated.com,916180919015.0,Ramagundam,Uttar Pradesh,2024-01-30
CUST00203,Baghyawati Sarma,qrana@example.org,2832684245.0,Begusarai,West Bengal,2026-03-28
CUST00204,Jatin Barman,rameshfrederick@example.com,915368222394.0,Raipur,Goa,2026-05-05
CUST00205,Triya Bora,ekalinga41@example.org,9755231491.0,Ratlam,Meghalaya,2025-05-08
CUST00206,Damini Dua,diya62@example.org,3364525777.0,Farrukhabad,Meghalaya,2026-03-17
CUST00207,Parth Bumb,logan83@example.com,1108099693.0,Suryapet,Himachal Pradesh,2026-02-20
CUST00208,Manthan Pau,xkapoor@example.net,4278816580.0,Srikakulam,Sikkim,2022-12-05
CUST00209,Sanaya Dutta,madhavsule@example.com,913731453038.0,Munger,Meghalaya,2025-05-20
CUST00210,Balveer Naik,vermaanusha@example.net,9892665918.0,Gandhinagar,Haryana,2025-11-28
CUST00211,Ira Pai,msubramaniam@example.org,2723184322.0,Mirzapur,Punjab,2022-07-10
CUST00212,Oeshi Narayanan,subramaniamvarenya@example.com,919260302992.0,Anand,Arunachal Pradesh,2026-05-20
CUST00213,Daksh Ganesan,pranit86@example.net,413797723.0,Ghaziabad,Chhattisgarh,2026-06-22
CUST00214,Yasti Lalla,hemasetty@example.net,1366210388.0,Jalgaon,Punjab,2022-05-03
CUST00215,Vamakshi Barad,chandervasatika@example.net,919806865086.0,Ongole,Uttar Pradesh,2024-10-04
CUST00216,Guneet Sandal,aachalsood@example.org,914986430098.0,Saharsa,Andhra Pradesh,2024-09-15
CUST00217,Diya Rege,cust00217@generated.com,4486959463.0,Suryapet,Uttar Pradesh,2026-04-05
CUST00218,Praneel Prabhakar,tkulkarni@example.net,6213721386.0,Jamalpur,Punjab,2021-12-16
CUST00219,Lopa Ahluwalia,dhillonurishilla@example.net,1143519066.0,Kavali,Arunachal Pradesh,2023-01-03
CUST00220,Reva Anne,zarnamangal@example.org,919883920530.0,Chandigarh,Himachal Pradesh,2024-11-29
CUST00221,Megha Ravi,zarnaaurora@example.net,1184895543.0,Malda,Madhya Pradesh,2026-05-29
CUST00222,Advika Gill,gtoor@example.net,918451848947.0,Phusro,Meghalaya,2023-08-02
CUST00223,Tara Sharma,subramaniamjackson@example.com,916335658804.0,Tumkur,Assam,2024-11-28
CUST00224,Faqid Gokhale,wmurthy@example.org,4237333433.0,Kulti,Uttarakhand,2024-07-18
CUST00225,Hredhaan Dar,tailorabeer@example.net,917595794728.0,Sikar,Haryana,2026-06-03
CUST00226,Chatura Vora,isridhar@example.org,5627187500.0,Nadiad,Odisha,2022-05-17
CUST00227,Janaki Lad,adyakhalsa@example.com,9552763655.0,Parbhani,Manipur,2023-01-17
CUST00228,Veer Chaudhry,warinder86@example.com,912270267288.0,Morbi,Jharkhand,2023-08-26
CUST00229,Mitali Chaudhary,darpankale@example.com,1754558845.0,Bulandshahr,Bihar,2024-07-02
CUST00230,Owen Mane,ekta87@example.net,1694722569.0,Madurai,Assam,2022-11-23
CUST00231,Vedant Murthy,bishakha49@example.net,4759876220.0,Noida,Sikkim,2023-08-28
CUST00232,Shivansh Ganesan,gchauhan@example.org,8006811492.0,Pali,Jharkhand,2023-06-20
CUST00233,Bhanumati Savant,karanvyas@example.org,910557784872.0,Gudivada,Punjab,2025-05-26
CUST00234,Dayita Palan,ozacharia@example.org,4564240082.0,Baranagar,Meghalaya,2026-01-25
CUST00235,Vyanjana Sood,aditya64@example.net,910853686632.0,Burhanpur,Haryana,2023-10-03
CUST00236,Pahal Khatri,bhavani84@example.com,911224179749.0,Maheshtala,Karnataka,2021-09-06
CUST00237,Chandran Warrior,grewalharsh@example.com,9999999999,Bijapur,Uttar Pradesh,2025-10-03
CUST00238,Ubika Balay,faris20@example.com,1872346013.0,Mango,Haryana,2021-10-20
CUST00239,Triveni Chandra,urvashiramachandran@example.net,5208814743.0,Faridabad,West Bengal,2023-05-15
CUST00240,Warinder Saraf,alexander24@example.net,916300979251.0,Sangli-Miraj & Kupwad,Meghalaya,2022-04-17
CUST00241,Darpan Bhasin,mitesh81@example.org,3585730652.0,Thane,Meghalaya,2025-03-28
CUST00242,Vrishti Gupta,ijayanaik@example.net,4982182744.0,Malda,Andhra Pradesh,2025-10-26
CUST00243,Qasim Bahl,william51@example.net,6387829456.0,Bhubaneswar,Bihar,2025-12-19
CUST00244,Caleb Dayal,azadjaggi@example.org,3109678994.0,Ambarnath,Haryana,2022-02-13
CUST00245,Sathvik Swamy,sidhudarsh@example.com,6509480141.0,Kadapa,Bihar,2022-05-18
CUST00246,Lekha Gupta,yuvrajgola@example.net,8619576122.0,Dibrugarh,Karnataka,2022-11-11
CUST00247,Indira Murty,kamya66@example.net,9398368457.0,Sikar,Andhra Pradesh,2021-10-23
CUST00248,Amol Vasa,chasmumahuja@example.com,913504888992.0,Agra,Manipur,2024-07-16
CUST00249,Lakshit Lanka,zaid34@example.com,919693157279.0,Hindupur,Rajasthan,2024-01-27
CUST00250,Lakshmi Brar,nattijaya@example.com,1390604805.0,Khammam,Mizoram,2023-05-24
CUST00251,Chandresh Ramaswamy,fthaman@example.org,4622517908.0,Firozabad,Assam,2024-11-27
CUST00252,Kalpit Deshmukh,fhora@example.com,9389833146.0,Ramgarh,Assam,2022-06-22
CUST00253,Pallavi Pau,rayaan55@example.net,425979270.0,Kollam,Sikkim,2024-09-11
CUST00254,Frederick Chowdhury,kibemanbir@example.com,915147705383.0,Bongaigaon,Mizoram,2023-09-19
CUST00255,Lohit Badami,cvyas@example.com,910439407016.0,Karimnagar,West Bengal,2022-06-08
CUST00256,Brinda Raju,lajitatrivedi@example.net,915798123878.0,Thane,Haryana,2026-01-07
CUST00257,Gauri Suri,bdugar@example.com,5543840460.0,Kamarhati,Chhattisgarh,2024-06-03
CUST00258,Laksh Chahal,rverma@example.net,3639264957.0,Tiruppur,Rajasthan,2022-09-11
CUST00259,Lakshit More,qushidhillon@example.net,2518812520.0,Haridwar,Maharashtra,2024-02-05
CUST00260,Anusha Doshi,hredhaandeep@example.org,919949993933.0,Secunderabad,Assam,2025-07-27
CUST00261,Yadavi Singh,qarin67@example.com,912330604633.0,Amritsar,Goa,2025-04-02
CUST00262,Ekta Shankar,prisharavel@example.org,6569998808.0,Bidhannagar,Manipur,2021-11-16
CUST00263,Zilmil Yogi,jbaral@example.com,347644726.0,Pudukkottai,Arunachal Pradesh,2025-11-30
CUST00264,Ubika Seth,tellaisaiah@example.org,8266570279.0,Malda,Assam,2023-08-23
CUST00265,Nihal Dasgupta,comarshivani@example.net,1868926860.0,Thanjavur,Odisha,2022-10-17
CUST00266,Maanav Gola,sainidarika@example.com,7421230940.0,Mehsana,West Bengal,2025-10-04
CUST00267,Wakeeta Khanna,vamakshisetty@example.com,1990384983.0,Udaipur,Chhattisgarh,2021-12-26
CUST00268,Balhaar Dhillon,cust00268@generated.com,911622499982.0,Adoni,Kerala,2021-10-27
CUST00269,Chandani Naidu,ladli16@example.net,914721458683.0,Pudukkottai,Arunachal Pradesh,2022-06-12
CUST00270,Veda Mani,qnadig@example.net,9529978772.0,Ramagundam,Gujarat,2021-07-12
CUST00271,Arjun Shroff,johaloeshi@example.com,915583034414.0,Guna,Nagaland,2024-04-09
CUST00272,Ishaan Nath,meghana99@example.org,913557702727.0,Surendranagar Dudhrej,Uttar Pradesh,2025-01-14
CUST00273,Chandani Mutti,joshigarima@example.com,912405682996.0,Hindupur,Bihar,2024-02-20
CUST00274,Azad Magar,fchadha@example.org,7438421503.0,Raiganj,Mizoram,2021-09-23
CUST00275,Xiti Dube,harinisule@example.net,4521823076.0,Kolkata,Jharkhand,2021-11-21
CUST00276,Gauri Sibal,chauhandevika@example.org,4353344857.0,Darbhanga,Chhattisgarh,2022-11-09
CUST00277,Ishwar Aurora,jhaveriinaya@example.net,4249321495.0,Dhanbad,Chhattisgarh,2021-10-06
CUST00278,Chandresh Cherian,fbhagat@example.com,2997954538.0,Kirari Suleman Nagar,Odisha,2022-08-21
CUST00279,Upadhriti Chatterjee,rmukherjee@example.net,7733294562.0,Anantapur,Manipur,2025-08-30
CUST00280,Dhruv Soman,panchalvarenya@example.com,914599281615.0,Barasat,Nagaland,2025-06-09
CUST00281,Odika Khare,nathansubramaniam@example.com,915396695832.0,Chapra,Uttarakhand,2025-08-27
CUST00282,Ubika Nanda,saxenapatrick@example.com,9999999999,Amaravati,Tripura,2021-07-08
CUST00283,Manthan Sethi,madhavi99@example.com,913549465190.0,Warangal,West Bengal,2024-01-07
CUST00284,Kala Bera,parmerimaran@example.com,913696566668.0,Malegaon,Meghalaya,2022-09-13
CUST00285,Leena Parsa,sdube@example.net,912010276212.0,Sirsa,Uttar Pradesh,2025-02-19
CUST00286,Suhani Upadhyay,ysengupta@example.com,912690973846.0,Visakhapatnam,Arunachal Pradesh,2026-05-08
CUST00287,Jyoti Chowdhury,jbuch@example.net,8478189137.0,Panvel,Uttar Pradesh,2026-06-12
CUST00288,Chatresh Oza,singhsudiksha@example.net,9565442094.0,Ghaziabad,Rajasthan,2025-07-17
CUST00289,Charan Manne,mangatvedhika@example.org,918144294440.0,Mahbubnagar,Goa,2022-10-20
CUST00290,Kala Gill,warinder72@example.net,915129276637.0,Bhagalpur,Odisha,2024-06-14
CUST00291,Aishani D’Alia,ganeshucchal@example.com,4783667428.0,Ahmedabad,Jharkhand,2025-05-02
CUST00292,Diya Wagle,chatterjeeirya@example.com,4544149673.0,Saharsa,Karnataka,2023-01-17
CUST00293,Advaith Anand,aroranisha@example.org,1753443009.0,Howrah,Punjab,2023-05-12
CUST00294,Jagdish Chadha,keyagoyal@example.org,2447174654.0,Srinagar,Himachal Pradesh,2022-01-17
CUST00295,Lipika Natarajan,kuruvillaalka@example.org,1739627128.0,Bellary,Punjab,2022-06-03
CUST00296,Aashi Chauhan,boraekavir@example.net,4707200642.0,Katni,Odisha,2021-07-19
CUST00297,Vanya Sarin,iboase@example.org,916719855460.0,Ambarnath,Nagaland,2024-05-29
CUST00298,Tripti Mann,patrickbaral@example.com,3461571732.0,Nellore,Andhra Pradesh,2023-07-18
CUST00299,Lopa Bhatnagar,cust00299@generated.com,915050613878.0,Adoni,Haryana,2022-02-16
CUST00300,Lohit Suresh,sinhachakradev@example.org,2020417929.0,Aligarh,Bihar,2025-09-29
CUST00301,Dev Jain,znazareth@example.net,6519825309.0,Thanjavur,Assam,2022-07-18
CUST00302,Lohit Sagar,kalagala@example.com,919021962071.0,Chennai,Goa,2022-04-10
CUST00303,Omaja Soni,samueldhar@example.net,8763290927.0,Barasat,Kerala,2025-01-29
CUST00304,Warinder Handa,waglegirish@example.net,8837340312.0,Mehsana,Goa,2022-11-16
CUST00305,Chatura Patla,shaurya64@example.com,7010822078.0,Madurai,Haryana,2025-04-20
CUST00306,Oni Issac,victor15@example.org,913636317970.0,Ulhasnagar,Gujarat,2025-05-21
CUST00307,Lila Prakash,tanvihari@example.net,4352090421.0,Berhampore,Maharashtra,2022-12-21
CUST00308,Thomas Merchant,onkarkarpe@example.org,8739774063.0,Khammam,Maharashtra,2026-06-12
CUST00309,Manthan Ahluwalia,cbasu@example.com,8068671773.0,Proddatur,Tripura,2021-08-15
CUST00310,Tejas Deo,chakrika31@example.org,4279907726.0,Uluberia,Rajasthan,2025-06-19
CUST00311,Ekavir Rajan,bachittar46@example.com,9893195085.0,Bhubaneswar,Madhya Pradesh,2024-08-16
CUST00312,Banjeet Pau,parth81@example.net,3253817933.0,Nagercoil,Himachal Pradesh,2025-10-19
CUST00313,Aradhana Bhagat,pradhanhemani@example.com,8817884795.0,Maheshtala,Manipur,2022-04-05
CUST00314,Mahika Gola,faraj12@example.com,912723804682.0,Sri Ganganagar,Maharashtra,2025-04-17
CUST00315,Bishakha Gulati,cust00315@generated.com,5695579887.0,Avadi,Odisha,2022-08-21
CUST00316,Onveer Lad,vedaprabhu@example.com,912547292842.0,Jamnagar,Goa,2023-07-17
CUST00317,Benjamin Nadig,ridhilad@example.com,913805525782.0,Bhilai,Andhra Pradesh,2024-12-15
CUST00318,Maanav Shanker,nachiket08@example.net,4749297517.0,Kolhapur,Sikkim,2026-03-15
CUST00319,Darika Bakshi,ckannan@example.com,915093983430.0,Siwan,West Bengal,2025-04-21
CUST00320,Yauvani Ramesh,vrittinadkarni@example.net,8056265650.0,Hapur,Kerala,2024-02-20
CUST00321,Gagan Kale,cust00321@generated.com,2662991234.0,Loni,Karnataka,2022-01-29
CUST00322,Gaurang Ahuja,amahajan@example.org,7923264870.0,Bhimavaram,Jharkhand,2025-09-20
CUST00323,Udarsh Bala,dubeadweta@example.com,7146273014.0,Jabalpur,Punjab,2024-08-04
CUST00324,Rajata Kuruvilla,xdar@example.net,9042902572.0,Ujjain,Arunachal Pradesh,2023-11-02
CUST00325,Oni Parekh,mannbishakha@example.net,1832192855.0,Gopalpur,Sikkim,2024-08-07
CUST00326,Indira Dhawan,devanzarna@example.com,7652132833.0,Erode,Manipur,2022-03-02
CUST00327,Karan Badal,tpall@example.net,2798524013.0,Ajmer,Tamil Nadu,2023-06-11
CUST00328,Jeremiah Kadakia,farhansandal@example.net,9999999999,Nandyal,Bihar,2023-09-02
CUST00329,Dominic Mitra,charjatin@example.net,919325012495.0,Nanded,West Bengal,2025-10-10
CUST00330,Yashasvi Bir,atwalteerth@example.net,914280138759.0,Gandhidham,Sikkim,2022-06-06
CUST00331,Isha Raghavan,gkala@example.org,1517182754.0,Gwalior,Karnataka,2025-09-18
CUST00332,Lekha Mander,cust00332@generated.com,918646317520.0,Vasai-Virar,Madhya Pradesh,2025-03-29
CUST00333,Jagdish Dhar,srattan@example.net,912153539613.0,Panchkula,Himachal Pradesh,2026-06-19
CUST00334,Mugdha Parekh,fravel@example.net,2711477320.0,Meerut,Uttarakhand,2022-02-04
CUST00335,Avi Gola,jnarain@example.com,9118773477.0,Hosur,Karnataka,2026-02-11
CUST00336,Azad Sani,rajagopalshivani@example.com,7700284276.0,Bijapur,Tamil Nadu,2024-10-28
CUST00337,Imaran Swaminathan,jsoni@example.org,647969545.0,Bhopal,Odisha,2021-11-25
CUST00338,Jeevika Palla,omlajita@example.org,5565033349.0,Amritsar,West Bengal,2024-02-10
CUST00339,Geetika Gara,yohannaneshana@example.org,6986407905.0,Aurangabad,Madhya Pradesh,2024-04-04
CUST00340,Vrinda Chaudhry,gayathritaneja@example.net,5294563718.0,Tumkur,Himachal Pradesh,2021-12-02
CUST00341,Neelima Kara,chandrangayathri@example.com,919876351484.0,Panvel,Karnataka,2023-03-21
CUST00342,Neelima Krishnamurthy,bgole@example.net,8297374896.0,Nagaon,Gujarat,2024-08-12
CUST00343,Manbir Khosla,charitasaran@example.com,1364424936.0,Raipur,Chhattisgarh,2023-02-24
CUST00344,Yatan Mukherjee,jsunder@example.com,324204482.0,Shivpuri,Uttar Pradesh,2021-09-07
CUST00345,Fiyaz Murthy,devansh65@example.net,1623198189.0,Mehsana,Assam,2023-07-17
CUST00346,Dhriti Narayan,bkeer@example.org,911234764907.0,Gorakhpur,Karnataka,2026-02-27
CUST00347,Vaishnavi Koshy,maanav57@example.net,4090034864.0,Bhilai,Nagaland,2023-07-12
CUST00348,Lipika Anand,tkumer@example.org,914327560417.0,Haridwar,Uttarakhand,2024-05-06
CUST00349,Harish Dyal,yashawini15@example.com,8570027206.0,Farrukhabad,Karnataka,2026-05-31
CUST00350,Indrajit Dugar,zaitrade@example.net,6577242954.0,Guwahati,Maharashtra,2024-08-23
CUST00351,Maya Purohit,anshbajaj@example.net,9317342069.0,Ghaziabad,Himachal Pradesh,2022-10-14
CUST00352,Jhalak Garde,atwalradhika@example.com,7133344762.0,Tiruppur,Punjab,2023-05-08
CUST00353,Ranbir Sahota,nilimadhingra@example.org,4397359710.0,Guntur,West Bengal,2024-04-07
CUST00354,Simon Rajagopal,ekunda@example.org,53759900.0,Dibrugarh,Punjab,2024-10-03
CUST00355,Megha Prabhakar,benjamingola@example.com,918757215862.0,Bhiwandi,Karnataka,2021-11-22
CUST00356,Xalak Mand,cust00356@generated.com,8562572870.0,Jalgaon,Arunachal Pradesh,2023-06-22
CUST00357,Balendra Singhal,nihal76@example.org,758777121.0,Tiruchirappalli,Gujarat,2023-12-07
CUST00358,Om Trivedi,simon90@example.net,2613715041.0,Dindigul,Odisha,2022-06-02
CUST00359,Mitesh Balakrishnan,sharmavarsha@example.com,4905097592.0,Nashik,Uttar Pradesh,2023-12-04
CUST00360,Christopher Bobal,zchanda@example.com,913610326642.0,Bihar Sharif,Meghalaya,2025-03-12
CUST00361,Karan Parmer,pillaiyauvani@example.org,7674996165.0,Raebareli,Rajasthan,2025-02-20
CUST00362,Banjeet Varghese,ubika32@example.com,8147617422.0,Kulti,Mizoram,2025-02-25
CUST00363,Champak Bose,varghesehritik@example.net,6179454918.0,Raipur,Telangana,2025-06-15
CUST00364,Qabil Ramaswamy,chackoomaja@example.net,5977945232.0,Mahbubnagar,Himachal Pradesh,2022-06-03
CUST00365,Andrew Ahluwalia,adada@example.org,7769749956.0,Chandigarh,Chhattisgarh,2022-08-31
CUST00366,Rayaan Choudhury,guhaavi@example.org,2368314727.0,Lucknow,Bihar,2022-12-06
CUST00367,Sai Sundaram,cbahri@example.net,913496050166.0,Adoni,Punjab,2026-03-26
CUST00368,Balhaar Sura,gsunder@example.net,9730806958.0,Agartala,Rajasthan,2025-01-24
CUST00369,Jackson Talwar,saumya60@example.org,3757383959.0,Mira-Bhayandar,Jharkhand,2024-11-01
CUST00370,Jagvi Sodhi,sarthakmandal@example.net,1722329716.0,Avadi,Haryana,2023-04-19
CUST00371,Andrew Parmer,ishanvi22@example.net,911561931837.0,Mau,Uttar Pradesh,2024-07-15
CUST00372,Amara Dora,bediraksha@example.com,911991808121.0,Mirzapur,Goa,2024-01-01
CUST00373,Yashawini Tara,dubejanuja@example.com,911376037548.0,Guwahati,Himachal Pradesh,2024-09-07
CUST00374,Jalsa Korpal,oviyakari@example.org,6678507208.0,Guwahati,Karnataka,2024-03-12
CUST00375,Nitesh Saraf,ramaswamybalhaar@example.net,2908466845.0,Bangalore,Uttarakhand,2023-11-24
CUST00376,Netra Sehgal,riyapai@example.net,3410856288.0,Kakinada,Assam,2025-11-13
CUST00377,Harini Dutta,balaaarna@example.org,6810548510.0,Sultan Pur Majra,Jharkhand,2026-05-21
CUST00378,Sudiksha Nori,vivaanpalla@example.com,9268315893.0,Malda,Bihar,2022-10-06
CUST00379,Nisha Bumb,bhatiapavani@example.org,3715869886.0,Bhimavaram,Meghalaya,2025-02-12
CUST00380,Vrishti Saha,maanastiwari@example.org,7288137702.0,Kochi,Punjab,2024-12-28
CUST00381,Jai Pingle,banjeet82@example.org,4544702296.0,Farrukhabad,Jharkhand,2023-05-08
CUST00382,Vrinda Agate,pallaekansh@example.org,7949756792.0,Dibrugarh,Rajasthan,2025-06-09
CUST00383,Saumya Dixit,gaurav99@example.com,3658074120.0,Kishanganj,Rajasthan,2022-07-27
CUST00384,Reyansh Bera,cust00384@generated.com,918204339718.0,Rewa,Odisha,2021-11-24
CUST00385,Arin Oak,agole@example.org,5641118242.0,Rohtak,Tripura,2022-04-12
CUST00386,Damyanti Reddy,danielnanda@example.org,910461526546.0,Faridabad,Gujarat,2023-07-22
CUST00387,Waida Trivedi,rcontractor@example.org,7861706304.0,Shahjahanpur,Tripura,2026-03-27
CUST00388,Daksha Ray,ochacko@example.net,912582386870.0,Madhyamgram,Uttarakhand,2023-12-23
CUST00389,Aadi Bhasin,mmahajan@example.com,6539840289.0,Dewas,Assam,2024-11-17
CUST00390,Logan Mammen,nkade@example.net,5474355379.0,Pune,Tamil Nadu,2022-08-27
CUST00391,Vamakshi Agrawal,ghoseodika@example.net,7681180715.0,Ghaziabad,Kerala,2024-10-21
CUST00392,Abhiram Dash,mprabhakar@example.com,913045319433.0,Mirzapur,Arunachal Pradesh,2023-11-27
CUST00393,Shaurya Amble,meghanachoudhry@example.com,8728399921.0,Amritsar,Chhattisgarh,2023-09-22
CUST00394,Anusha Handa,waliazayyan@example.net,7060566418.0,Shimla,Kerala,2025-12-01
CUST00395,Udarsh Batta,osha87@example.com,916351903613.0,Dehradun,Karnataka,2024-02-28
CUST00396,Gunbir Bala,zsankaran@example.org,5431735058.0,Srinagar,Tripura,2025-03-31
CUST00397,Sanya Dash,bhatbahadurjit@example.com,1207049611.0,Karaikudi,Arunachal Pradesh,2024-01-10
CUST00398,Neelima Char,mkaul@example.net,767699150.0,Hazaribagh,Karnataka,2026-07-08
CUST00399,Hritik Chauhan,birrishi@example.net,918456797232.0,Allahabad,Chhattisgarh,2024-03-02
CUST00400,Yochana Parmar,madhav27@example.com,5450892038.0,Bhusawal,Kerala,2023-03-07
CUST00401,Saksham Biswas,ranbir77@example.net,5995946521.0,Kalyan-Dombivli,Meghalaya,2023-05-20
CUST00402,Udant Karpe,pkala@example.com,5636205015.0,Miryalaguda,Bihar,2022-09-23
CUST00403,Ria Hayer,caleb03@example.org,2342583230.0,Firozabad,Bihar,2021-09-11
CUST00404,Ladli Choudhry,shivansh47@example.org,5289611223.0,Katihar,Madhya Pradesh,2024-09-12
CUST00405,Pushti Konda,gulatichaitaly@example.org,3042897317.0,Rourkela,Mizoram,2024-10-25
CUST00406,Wishi Venkataraman,ugola@example.net,8777496903.0,Panihati,Manipur,2023-07-06
CUST00407,Tejas Mohan,kpurohit@example.org,4812147853.0,Kirari Suleman Nagar,Mizoram,2024-05-18
CUST00408,Shravya Sibal,xrege@example.com,4602734151.0,Orai,Mizoram,2026-03-02
CUST00409,Aradhana Kari,daniekbal@example.com,918353544439.0,Tinsukia,Himachal Pradesh,2021-08-03
CUST00410,Baghyawati Pal,lravi@example.net,917826333738.0,Surendranagar Dudhrej,Karnataka,2022-03-31
CUST00411,Raghav Sanghvi,ckadakia@example.com,529240755.0,Gurgaon,Maharashtra,2024-12-12
CUST00412,Eshana Bajaj,dewanmitesh@example.com,9996636186.0,Fatehpur,Bihar,2024-04-24
CUST00413,Daksha Chander,hemanggoel@example.org,9702316433.0,Loni,Assam,2025-05-20
CUST00414,Jyoti Vasa,gargeta@example.com,2128671632.0,Tirupati,Maharashtra,2025-07-22
CUST00415,Dayita Jain,mmajumdar@example.org,917169385977.0,Ramgarh,Arunachal Pradesh,2022-04-17
CUST00416,Tanmayi Palan,mahika92@example.com,912967629160.0,Sangli-Miraj & Kupwad,Himachal Pradesh,2026-02-02
CUST00417,Ekalinga Kalla,wsabharwal@example.net,915118567243.0,Surendranagar Dudhrej,Andhra Pradesh,2022-02-20
CUST00418,Lakshmi Oza,zhayer@example.org,914125777118.0,Bahraich,Chhattisgarh,2025-07-09
CUST00419,Neel Garde,chaudhrypeter@example.com,918621042752.0,Visakhapatnam,Sikkim,2026-01-16
CUST00420,Riya Batta,ramakrishnandarika@example.com,919006335331.0,Bidar,Andhra Pradesh,2021-08-22
CUST00421,Rehaan Bhatnagar,gopalganesh@example.net,910681558393.0,Haldia,Bihar,2023-06-30
CUST00422,Hitesh Parikh,oscar06@example.net,637314950.0,Bellary,Maharashtra,2024-01-30
CUST00423,Harsh Yadav,zayanchandran@example.net,6252571509.0,Eluru,Mizoram,2023-06-30
CUST00424,Viraj Bail,morewarjas@example.net,3910257432.0,Kurnool,Rajasthan,2021-11-02
CUST00425,Sachi Narasimhan,arunimanadkarni@example.net,918640355338.0,Kulti,Uttar Pradesh,2023-05-30
CUST00426,Ekanta Goswami,eahuja@example.com,913023212983.0,Guna,Assam,2025-02-21
CUST00427,Deepa Gala,yashsamra@example.org,3449734715.0,Burhanpur,Goa,2025-07-09
CUST00428,Pahal Tiwari,ydugal@example.com,916614982824.0,Madhyamgram,Jharkhand,2025-05-17
CUST00429,Keya Srivastava,nathlaban@example.net,3230085766.0,Dindigul,Madhya Pradesh,2025-09-05
CUST00430,Ekavir Rege,dashlekha@example.net,913645875066.0,Latur,Meghalaya,2021-10-23
CUST00431,Ayaan Divan,tamanna24@example.org,9201166918.0,Bhusawal,Goa,2025-02-23
CUST00432,Chasmum Tella,umorar@example.com,1195243640.0,Pallavaram,Andhra Pradesh,2022-05-04
CUST00433,Omisha Vohra,umani@example.com,9999999999,Gaya,Gujarat,2022-01-07
CUST00434,Rehaan Lad,osastry@example.net,912141614150.0,Morena,Meghalaya,2022-05-17
CUST00435,Darsh Lata,barmangunbir@example.org,698477596.0,Uluberia,Sikkim,2024-06-07
CUST00436,Wriddhish Patel,nradhakrishnan@example.org,5107620918.0,Kulti,Kerala,2025-05-12
CUST00437,Yutika Sachdev,aarushnagy@example.org,5057397691.0,Haldia,Meghalaya,2022-05-16
CUST00438,Chaaya Hayer,zinalthaman@example.org,917148727178.0,Latur,Gujarat,2022-12-19
CUST00439,Hitesh Saran,dyaleta@example.com,3471287153.0,Tiruvottiyur,Madhya Pradesh,2024-10-05
CUST00440,Viraj Kapoor,jack41@example.org,915931952569.0,Bijapur,Arunachal Pradesh,2026-01-27
CUST00441,Lipika Sampath,janya28@example.net,9316087524.0,Panchkula,Sikkim,2025-05-24
CUST00442,Bhanumati Dhingra,nagarajandayamai@example.net,1497374605.0,Bhagalpur,West Bengal,2023-06-07
CUST00443,Praneel Sura,qmistry@example.org,918656756618.0,Ichalkaranji,Tamil Nadu,2023-03-06
CUST00444,Gunbir Deep,chatura47@example.net,919277423330.0,Ramgarh,Bihar,2022-10-09
CUST00445,Prisha Ganguly,charishani@example.com,910185962630.0,New Delhi,Madhya Pradesh,2025-09-03
CUST00446,Orinder Prashad,shethlavanya@example.com,7501111783.0,Dharmavaram,Odisha,2026-05-22
CUST00447,Anusha Chandra,leenasule@example.net,6492151826.0,Singrauli,Nagaland,2026-01-29
CUST00448,Devansh Venkataraman,johaljacob@example.org,2087510293.0,Chandigarh,Nagaland,2023-09-13
CUST00449,Frado Dash,januja82@example.com,340848729.0,Satara,Mizoram,2024-07-05
CUST00450,Hardik Basu,balhaarguha@example.org,3298395429.0,Aurangabad,Nagaland,2023-09-08
CUST00451,Lakshmi Gade,fshan@example.com,6283143598.0,Gurgaon,Uttarakhand,2022-10-27
CUST00452,Radha Raghavan,kotafaras@example.com,918186151554.0,Kamarhati,Himachal Pradesh,2021-08-07
CUST00453,Krishna Kapadia,ycheema@example.org,918497185948.0,Narasaraopet,Bihar,2021-12-04
CUST00454,Eesha Ramachandran,hemaniwali@example.net,6792408222.0,Tezpur,Telangana,2023-10-16
CUST00455,Kamala Krish,lshankar@example.com,7844683414.0,Satara,West Bengal,2022-04-14
CUST00456,Faraj Khatri,gandhidakshesh@example.org,9999999999,Machilipatnam,Andhra Pradesh,2023-02-18
CUST00457,Pavani Warrior,yash89@example.org,7283215285.0,Bhusawal,Meghalaya,2024-09-27
CUST00458,Kashvi Chowdhury,zaid81@example.com,7443096348.0,Madhyamgram,Punjab,2025-09-01
CUST00459,Ishani Ahuja,tnarasimhan@example.com,910526501673.0,Dehri,Mizoram,2022-10-28
CUST00460,Jatin Sura,dugalzashil@example.org,6545628417.0,Nanded,Chhattisgarh,2024-07-11
CUST00461,Abdul Parmer,indrajitgupta@example.com,9999999999,Unnao,Nagaland,2025-09-24
CUST00462,Ekta Ratta,hdeep@example.org,912258030569.0,Raebareli,Meghalaya,2023-12-24
CUST00463,Vedika Butala,nkota@example.org,8234143637.0,Ambala,Punjab,2023-01-21
CUST00464,Manthan Karnik,deonandini@example.org,3260931066.0,Ahmednagar,Haryana,2024-05-17
CUST00465,Varenya Bhat,tbehl@example.org,9999999999,Pondicherry,Gujarat,2023-12-11
CUST00466,Ati Chaudhuri,qgoyal@example.com,5411082555.0,Patiala,Rajasthan,2023-11-12
CUST00467,Leena Chahal,dejai@example.org,3371189547.0,Deoghar,Telangana,2022-10-28
CUST00468,Joshua Handa,wkrishnan@example.net,5716176880.0,Khora ,Himachal Pradesh,2022-08-12
CUST00469,Chakradev Bhat,mitalitalwar@example.net,9999999999,Tiruppur,Goa,2021-07-19
CUST00470,Tejas Andra,tthakur@example.net,4434481230.0,Jalna,Arunachal Pradesh,2022-10-11
CUST00471,Kiaan Madan,kotharishivansh@example.net,910595518426.0,Anantapur,Arunachal Pradesh,2021-08-09
CUST00472,Theodore Mammen,aahanababu@example.net,9164983735.0,Kurnool,Odisha,2024-11-17
CUST00473,Sanaya Kata,jpillay@example.com,917272239724.0,Tirupati,Goa,2023-01-11
CUST00474,Raghav Boase,ekbalsandhu@example.org,6182091660.0,Ahmedabad,Tripura,2021-11-20
CUST00475,Yuvraj Chacko,luke90@example.org,918513279724.0,Nangloi Jat,Chhattisgarh,2023-08-04
CUST00476,Amara Dasgupta,basuharshil@example.net,1862030366.0,Nagercoil,Rajasthan,2023-12-16
CUST00477,Leena Chowdhury,hgara@example.org,914519515109.0,Mangalore,Maharashtra,2026-01-11
CUST00478,Pratyush Sandal,charvimangat@example.com,914754102252.0,Amroha,Telangana,2025-08-02
CUST00479,Isaiah Sane,maanav15@example.org,916557676952.0,Yamunanagar,Maharashtra,2026-03-10
CUST00480,Waida Walia,leenachacko@example.net,6893135030.0,Proddatur,Meghalaya,2022-08-27
CUST00481,Darpan Palla,liam47@example.org,6333021260.0,Serampore,Arunachal Pradesh,2022-06-02
CUST00482,Vansha Dugar,cust00482@generated.com,913109622728.0,Nandyal,Maharashtra,2024-05-21
CUST00483,Agastya Mangat,dugaldarpan@example.net,919282066784.0,Ambattur,Maharashtra,2022-11-07
CUST00484,George Vig,vdass@example.org,9036289177.0,Machilipatnam,Uttarakhand,2024-10-02
CUST00485,Chatura Prabhu,rhayer@example.org,911595034281.0,Rajpur Sonarpur,Punjab,2021-08-11
CUST00486,Raghav Jaggi,khoslaamruta@example.org,9097005140.0,Ichalkaranji,Madhya Pradesh,2025-10-09
CUST00487,Divya Raman,kai15@example.com,8182096790.0,Nanded,Chhattisgarh,2025-06-15
CUST00488,Girik Kata,lohitdyal@example.net,9857254596.0,Munger,Haryana,2023-04-17
CUST00489,Michael Tank,auroraluke@example.com,1717524214.0,Nagercoil,Assam,2022-02-14
CUST00490,Triveni Kuruvilla,wkunda@example.com,2197054669.0,Gandhidham,Kerala,2025-11-16
CUST00491,Kashvi Chacko,ctoor@example.com,903802146.0,Jehanabad,Madhya Pradesh,2022-02-19
CUST00492,Lipika Shere,pallaunnati@example.com,8711216636.0,Amritsar,Karnataka,2024-06-05
CUST00493,Simon Soni,mallicksuhani@example.org,2723590960.0,Chinsurah,Meghalaya,2023-05-02
CUST00494,Siddharth Bajaj,qmadan@example.net,911214614768.0,Rampur,Goa,2021-12-21
CUST00495,Priya Oommen,nitesh35@example.com,7826596089.0,Solapur,Telangana,2026-06-09
CUST00496,Ekiya Nadig,doratara@example.org,5164807279.0,Vadodara,Gujarat,2023-02-11
CUST00497,Ojas Purohit,ijayakadakia@example.org,9055044817.0,Haridwar,Maharashtra,2024-07-04
CUST00498,Pooja Virk,ishaan27@example.com,2892866464.0,Chandigarh,Uttar Pradesh,2022-05-26
CUST00499,Amol Sabharwal,tanejaharish@example.net,8904633786.0,Thiruvananthapuram,West Bengal,2025-07-05
CUST00500,Indali Shetty,arandhawa@example.com,918444463060.0,Indore,Chhattisgarh,2024-09-13
CUST00501,Gautami Garde,jkhurana@example.com,919609626265.0,Junagadh,Haryana,2022-05-13
CUST00502,Yamini Dani,jlad@example.org,3110609209.0,Aurangabad,Madhya Pradesh,2021-09-24
CUST00503,Sudiksha Parmar,wriddhishkapadia@example.com,918364041209.0,Bhubaneswar,Manipur,2022-07-24
CUST00504,Lucky Mandal,pranit11@example.com,3617061713.0,Gandhinagar,Karnataka,2025-05-08
CUST00505,Pranit Misra,gokhaleazad@example.org,5799802841.0,Medininagar,Andhra Pradesh,2026-01-28
CUST00506,Zarna Vala,tarakpatla@example.org,910523124473.0,Karnal,Tamil Nadu,2026-03-17
CUST00507,Unni Tandon,zvala@example.org,2346199423.0,Bhiwani,Manipur,2025-02-13
CUST00508,Eiravati Chokshi,msanghvi@example.net,5172084964.0,Sikar,Andhra Pradesh,2022-06-29
CUST00509,Ekantika Sanghvi,ishitakorpal@example.org,915525105053.0,Tezpur,Uttar Pradesh,2024-04-02
CUST00510,Dominic Rajan,simon83@example.org,4919665533.0,Kumbakonam,Meghalaya,2021-11-30
CUST00511,Oviya Dar,sethionveer@example.net,9639040907.0,Mira-Bhayandar,Uttarakhand,2024-12-10
CUST00512,Balveer Nazareth,boaseupma@example.org,4455618579.0,Singrauli,Jharkhand,2025-05-20
CUST00513,Jairaj Prakash,balakrishnanudarsh@example.org,912156321358.0,Faridabad,Himachal Pradesh,2021-11-18
CUST00514,Chanakya Modi,lallaforum@example.net,6422971252.0,Amroha,Sikkim,2022-07-23
CUST00515,Vanya Suri,ekanta73@example.org,4158331170.0,Ahmedabad,Sikkim,2023-05-10
CUST00516,Lekha Guha,vcheema@example.org,8854728123.0,Kharagpur,Manipur,2025-11-19
CUST00517,Mugdha Guha,mallpallavi@example.org,4912711307.0,Shimoga,Andhra Pradesh,2025-07-26
CUST00518,Indira Lanka,chadirya@example.com,912686850745.0,Dhanbad,Rajasthan,2024-10-08
CUST00519,Rishi Menon,nehagoda@example.net,8978610313.0,Meerut,Arunachal Pradesh,2026-05-30
CUST00520,William Bhatti,majumdarupkaar@example.net,6661347323.0,Tumkur,Tamil Nadu,2023-12-19
CUST00521,Girindra Goyal,smody@example.org,915122572076.0,Jaipur,Goa,2023-10-05
CUST00522,Onkar Andra,urvi90@example.com,917100943882.0,Bareilly,Bihar,2024-02-09
CUST00523,Sneha Swaminathan,aarini74@example.com,545897148.0,Siliguri,Maharashtra,2023-05-23
CUST00524,Ishanvi Tank,kondaraagini@example.com,911361487824.0,Bathinda,Madhya Pradesh,2025-01-24
CUST00525,Dayamai Halder,venkateshhemal@example.net,916795410727.0,Nagaon,Jharkhand,2026-04-07
CUST00526,Chavvi Sur,dhruv40@example.com,913491074065.0,Dhanbad,Himachal Pradesh,2022-09-08
CUST00527,Bhanumati Thakkar,gabrielmadan@example.org,3691430753.0,Bhusawal,Madhya Pradesh,2022-05-08
CUST00528,Chasmum Mukhopadhyay,rajatanaidu@example.net,913426834414.0,Bongaigaon,Goa,2024-09-18
CUST00529,Gopal Devi,gmunshi@example.net,5756766708.0,Bidar,Assam,2022-09-17
CUST00530,Xavier Vala,joshua98@example.net,626078701.0,Gopalpur,Uttarakhand,2022-06-05
CUST00531,Gunbir Mannan,dnarula@example.org,9803828723.0,Barasat,Rajasthan,2024-02-28
CUST00532,Vedhika Iyer,bhavsaraadi@example.org,1813317087.0,Pimpri-Chinchwad,Bihar,2024-01-25
CUST00533,Veda Gour,abhasarna@example.net,1620223288.0,Fatehpur,Meghalaya,2023-12-26
CUST00534,Harish Tailor,anvi66@example.net,917662047196.0,Amaravati,Jharkhand,2021-10-21
CUST00535,Brijesh Pant,upadhritishanker@example.com,912588358681.0,Saharanpur,Kerala,2026-04-22
CUST00536,Tripti Dey,chavvi61@example.net,6792988425.0,Bhimavaram,Punjab,2024-12-13
CUST00537,Chakradev Balan,vincentchar@example.net,917753312661.0,Pudukkottai,Himachal Pradesh,2022-06-28
CUST00538,Elijah Sathe,ayushman25@example.org,7629833477.0,Kamarhati,Gujarat,2022-11-23
CUST00539,Rehaan Chadha,charsamar@example.org,910569815287.0,Dhule,Odisha,2025-07-18
CUST00540,Ishanvi Devi,sarnaprisha@example.net,1912841173.0,Ghaziabad,Nagaland,2024-05-01
CUST00541,Udarsh Mann,madhavi51@example.org,1893898469.0,Bongaigaon,Tamil Nadu,2022-06-17
CUST00542,Adya Balan,nigamoviya@example.com,915023850371.0,Sri Ganganagar,Assam,2025-01-21
CUST00543,Varenya Dayal,benjamin10@example.com,3567430003.0,Surat,Nagaland,2025-08-14
CUST00544,Lila Purohit,qushisane@example.net,911719553560.0,Ahmednagar,Assam,2021-08-08
CUST00545,Nitara Yadav,aurorazaid@example.org,910272405593.0,Bikaner,Punjab,2024-11-24
CUST00546,Jason Bose,krishnasamesh@example.com,5374584384.0,Hosur,Mizoram,2022-05-28
CUST00547,Hiral Roy,fmammen@example.org,918348315203.0,Malda,Bihar,2021-09-12
CUST00548,Bahadurjit Madan,leena41@example.org,9670667033.0,Udaipur,Sikkim,2025-03-08
CUST00549,Dalaja Balay,atharv95@example.com,3059660186.0,Deoghar,Manipur,2025-02-13
CUST00550,Nicholas Raj,ikhanna@example.org,4138459609.0,Mirzapur,Himachal Pradesh,2023-08-25
CUST00551,Jeet Mohanty,aishani27@example.com,917070578360.0,Bally,Punjab,2026-03-17
CUST00552,Devansh Sastry,aarnamajumdar@example.com,2322903102.0,Adoni,Karnataka,2021-11-15
CUST00553,Darsh Lad,amol58@example.net,919351187181.0,Kurnool,Karnataka,2026-05-15
CUST00554,Ojasvi Bora,jmandal@example.org,9556574902.0,Varanasi,Jharkhand,2022-10-17
CUST00555,Hitesh Kakar,yasti89@example.net,3690261139.0,Siwan,Telangana,2022-07-19
CUST00556,Urmi Vohra,cust00556@generated.com,4353537513.0,Alappuzha,Kerala,2022-03-12
CUST00557,Yashasvi Bose,veda93@example.com,3928369294.0,Mau,Karnataka,2022-07-09
CUST00558,Nilima Sama,wardahora@example.org,216487120.0,Nagpur,Tamil Nadu,2022-12-08
CUST00559,Kevin Varma,wsami@example.org,8341559991.0,Srinagar,Telangana,2024-07-14
CUST00560,Nilima Sengupta,wmann@example.com,2298120995.0,Nadiad,Karnataka,2025-03-31
CUST00561,Yashoda Mammen,katachameli@example.com,988986456.0,Mangalore,Chhattisgarh,2021-11-15
CUST00562,Qushi Venkataraman,dipta15@example.com,911447732449.0,Ahmednagar,Sikkim,2023-11-20
CUST00563,Gopal Jhaveri,ayaanbaral@example.net,3070534967.0,Malda,Jharkhand,2022-06-13
CUST00564,Sai Sankaran,flall@example.org,1513152854.0,Anand,Sikkim,2022-02-23
CUST00565,Balvan Sant,vermaeesha@example.org,32963347.0,Shivpuri,Uttarakhand,2023-02-09
CUST00566,Barkha Deep,gaurangvarty@example.net,3061789320.0,Firozabad,Punjab,2024-10-01
CUST00567,Ikshita Sule,charitakata@example.com,7769587413.0,Tumkur,Maharashtra,2025-04-27
CUST00568,Yug Sandal,godaucchal@example.com,1562779630.0,Agartala,Mizoram,2023-05-07
CUST00569,Darsh Naidu,eesha66@example.com,6404735047.0,Korba,Odisha,2022-12-07
CUST00570,Imaran Narayan,anmolbail@example.com,915581083583.0,Jorhat,Madhya Pradesh,2023-06-20
CUST00571,Neel Prakash,odika38@example.net,910008186702.0,Barasat,Andhra Pradesh,2023-06-22
CUST00572,Bahadurjit Magar,purohitnandini@example.org,4111860089.0,Bareilly,Telangana,2024-11-04
CUST00573,Devika Naik,vvala@example.org,4731497646.0,Korba,Maharashtra,2026-04-15
CUST00574,Vasudha Mane,lavanyabadal@example.com,6581739063.0,Uluberia,Meghalaya,2026-04-22
CUST00575,Deepa Natarajan,fiyazchandran@example.net,913793126978.0,Allahabad,Tripura,2025-09-17
CUST00576,Nisha Mukhopadhyay,matthew05@example.net,9999999999,Pondicherry,Manipur,2025-08-16
CUST00577,Henry Sandal,prashadjoshua@example.org,918123710672.0,Kolhapur,Telangana,2026-03-03
CUST00578,Mohini Andra,jacob64@example.net,4859592248.0,Srikakulam,Tamil Nadu,2024-09-03
CUST00579,Urmi Shere,cust00579@generated.com,7056227104.0,Kollam,Tamil Nadu,2022-04-25
CUST00580,Ganga Chandra,sidhunaksh@example.org,8350344694.0,Sambhal,Himachal Pradesh,2026-04-16
CUST00581,Faras Dua,kalitaati@example.org,9128965999.0,Tadepalligudem,Sikkim,2025-07-17
CUST00582,Om Agate,tarakchand@example.net,912270510287.0,Chittoor,Karnataka,2024-02-03
CUST00583,Wridesh Ramaswamy,trajan@example.com,4858193242.0,Karaikudi,Manipur,2025-09-07
CUST00584,Jai Saran,pranav05@example.com,5639836520.0,Mango,Kerala,2025-12-28
CUST00585,Abdul Mukherjee,girindra54@example.net,919404760440.0,Chittoor,Punjab,2025-05-20
CUST00586,Oscar Solanki,baradkala@example.org,2221610705.0,Tinsukia,Himachal Pradesh,2023-03-03
CUST00587,Gaurangi Nadig,jeevikavarty@example.org,6601382412.0,Varanasi,Himachal Pradesh,2023-03-17
CUST00588,Oscar Aggarwal,anusha85@example.org,7919711121.0,Ratlam,Odisha,2021-09-08
CUST00589,Advaith Kalla,triveni13@example.com,3240642429.0,Haridwar,Haryana,2023-02-12
CUST00590,Ryan Goel,aashi74@example.org,5955872096.0,Siwan,Odisha,2023-04-23
CUST00591,Idika Mani,hemathakur@example.net,4183437401.0,Fatehpur,Chhattisgarh,2025-06-28
CUST00592,Kashish Purohit,naiduhenry@example.net,267551254.0,Bhind,Nagaland,2023-02-06
CUST00593,Reva Shan,erastogi@example.org,5957640381.0,Purnia,Tripura,2023-10-22
CUST00594,Ayush Gade,charitaviswanathan@example.org,2250142576.0,Jaunpur,Andhra Pradesh,2022-10-09
CUST00595,Orinder Mitra,faris23@example.org,1328507251.0,Jamalpur,Sikkim,2024-11-13
CUST00596,Urmi Puri,wkibe@example.org,2526546968.0,Sri Ganganagar,Meghalaya,2026-07-03
CUST00597,Tristan Gokhale,jyotipathak@example.com,9999999999,Barasat,Maharashtra,2022-04-22
CUST00598,Leena Gole,cust00598@generated.com,7046226817.0,Sri Ganganagar,Sikkim,2022-05-19
CUST00599,Advik Dyal,kabir98@example.com,7076604641.0,Ambala,Kerala,2025-07-18
CUST00600,Janya Choudhury,paniniwali@example.com,1205943897.0,Nashik,Manipur,2023-11-30
CUST00601,Jairaj Suri,dperi@example.net,5465408424.0,Erode,Andhra Pradesh,2025-04-26
CUST00602,Chameli Banik,parikhbalhaar@example.net,6321812276.0,Hapur,Manipur,2023-08-05
CUST00603,Banjeet Bose,kashish02@example.net,1681546602.0,Vijayawada,Uttarakhand,2025-03-15
CUST00604,Rehaan Lal,yoshita83@example.net,915973642480.0,Bokaro,Sikkim,2023-12-10
CUST00605,Abdul Ray,anirudhsachdeva@example.net,914479513305.0,Rajkot,Punjab,2023-12-19
CUST00606,Osha Narasimhan,jsoni@example.org,5557277382.0,Rohtak,Madhya Pradesh,2021-10-16
CUST00607,Vidhi Pai,johalkala@example.com,5770299295.0,Vijayanagaram,Tripura,2021-09-18
CUST00608,Vritti Keer,iyogi@example.com,1163319422.0,Jamalpur,Maharashtra,2024-07-05
CUST00609,Omya Mallick,janani15@example.net,8636774722.0,Tumkur,Andhra Pradesh,2026-01-17
CUST00610,Ucchal Gera,rajagopalomya@example.com,3093299819.0,Lucknow,Karnataka,2023-08-23
CUST00611,Urmi Chand,arin96@example.net,3275327352.0,Amritsar,Andhra Pradesh,2023-04-12
CUST00612,Tripti Konda,ykhurana@example.org,8195237100.0,Saharsa,Meghalaya,2024-10-17
CUST00613,Omisha Lad,wallaarjun@example.com,460568761.0,Ulhasnagar,West Bengal,2023-10-01
CUST00614,Omkaar Peri,jnori@example.org,3415177345.0,Raiganj,Karnataka,2025-05-07
CUST00615,Anvi Banik,manbirvig@example.com,913595442947.0,Durg,Chhattisgarh,2022-08-11
CUST00616,Brinda Rajagopalan,vedant03@example.net,2904588679.0,Hapur,Rajasthan,2022-11-04
CUST00617,Kavya Radhakrishnan,hgara@example.com,917601534332.0,Narasaraopet,Tripura,2022-07-14
CUST00618,Ishanvi Tara,varora@example.net,913506158148.0,Pimpri-Chinchwad,Manipur,2026-05-03
CUST00619,Yash Kunda,yashkari@example.net,7209484131.0,Nagaon,Jharkhand,2022-01-13
CUST00620,Vedant Kohli,gshetty@example.net,915137171731.0,Khora ,Meghalaya,2024-01-25
CUST00621,Qushi Choudhury,lhayer@example.net,7046947258.0,Kottayam,Jharkhand,2024-01-24
CUST00622,Yuvraj Om,yahvi47@example.org,917058772216.0,Bareilly,West Bengal,2025-04-14
CUST00623,Qadim Hari,katatanay@example.com,4587149392.0,Sangli-Miraj & Kupwad,Gujarat,2024-11-20
CUST00624,Nakul Dugar,zaitra79@example.com,4347452455.0,Hospet,Jharkhand,2025-02-18
CUST00625,Omisha Ahluwalia,abhakta@example.com,2740334450.0,Purnia,Uttar Pradesh,2024-10-08
CUST00626,Ryan Kale,cust00626@generated.com,912579706734.0,Allahabad,Bihar,2021-12-29
CUST00627,Anya Yogi,raksha41@example.com,911562294938.0,Bahraich,Haryana,2024-04-21
CUST00628,Bishakha Bains,ekanshmurthy@example.com,3257375534.0,Mahbubnagar,Telangana,2021-09-17
CUST00629,Jagdish Roy,zrandhawa@example.com,918085096085.0,Ichalkaranji,Odisha,2024-05-09
CUST00630,Faqid Chanda,walinathan@example.net,919793164772.0,Srinagar,Goa,2026-05-30
CUST00631,Sudiksha Wable,zbail@example.net,960035624.0,Bhimavaram,Sikkim,2024-04-17
CUST00632,Sai Pant,ranbirdivan@example.org,2108902851.0,Satna,Haryana,2023-04-17
CUST00633,Chavvi Gade,omadan@example.org,271607360.0,Bahraich,Madhya Pradesh,2023-03-17
CUST00634,Lajita Dash,gillyashawini@example.net,8123179556.0,Bhagalpur,Assam,2025-10-29
CUST00635,Vanya Kumer,shanamol@example.org,6615541643.0,Pali,Meghalaya,2021-08-26
CUST00636,Ekiya Bath,yuvrajgoel@example.net,912822700934.0,Tadipatri,Maharashtra,2022-11-09
CUST00637,Orinder Ghosh,pratyushpatla@example.org,910734654950.0,Bathinda,Andhra Pradesh,2025-07-08
CUST00638,Maanas Reddy,zachariakrishna@example.net,8221053161.0,Fatehpur,Manipur,2025-01-17
CUST00639,Krish Acharya,vamakshi74@example.org,8591779323.0,Asansol,Haryana,2022-03-20
CUST00640,Netra Mandal,krishupkaar@example.com,9999999999,Dindigul,Sikkim,2022-10-02
CUST00641,Lekha Bava,qabilatwal@example.org,326509775.0,Gangtok,Madhya Pradesh,2025-05-12
CUST00642,Sudiksha Lall,vdalal@example.com,8552457871.0,Kadapa,Himachal Pradesh,2022-01-20
CUST00643,Pooja Bal,girindrakaran@example.com,911842547681.0,Sikar,Uttarakhand,2025-11-11
CUST00644,Lucky Kapadia,issacirya@example.net,2988085838.0,Dindigul,Goa,2022-05-15
CUST00645,Upkaar Doshi,rjain@example.org,4686775240.0,Chandrapur,Tamil Nadu,2026-03-30
CUST00646,Sathvik Bhavsar,roylogan@example.org,9999999999,Kamarhati,Himachal Pradesh,2022-09-17
CUST00647,Jatin Doshi,sachidhar@example.net,5018481973.0,Bihar Sharif,Uttarakhand,2022-07-30
CUST00648,Mitesh Bobal,anita06@example.com,917692743811.0,New Delhi,West Bengal,2025-09-21
CUST00649,Oviya Bhandari,mammenanya@example.com,8564510173.0,Korba,Odisha,2025-03-16
CUST00650,Hemang Sura,qvenkataraman@example.com,919191911359.0,Singrauli,Tamil Nadu,2021-11-08
CUST00651,Ria Sharma,rastogirachana@example.net,913920514607.0,Secunderabad,Uttarakhand,2024-06-10
CUST00652,Yuvraj Malhotra,ubatta@example.com,4238856527.0,Thoothukudi,Kerala,2026-02-04
CUST00653,Edhitha Mohan,chananidra@example.com,7263475575.0,Gulbarga,Karnataka,2021-08-26
CUST00654,Ranveer Mukherjee,pranav69@example.net,913119642585.0,Guntur,Madhya Pradesh,2022-05-25
CUST00655,Fitan Naik,saanvibaria@example.org,2407333373.0,Ahmedabad,Jharkhand,2023-08-04
CUST00656,Vasudha Sarna,ahanda@example.org,9696454655.0,Imphal,Nagaland,2024-07-21
CUST00657,Krish Nagy,kabirchar@example.net,7851935837.0,Ramgarh,Uttarakhand,2021-12-20
CUST00658,Raksha Tank,kbhattacharyya@example.org,7805721514.0,Bhopal,Tamil Nadu,2025-09-09
CUST00659,Kiaan Randhawa,siyamukherjee@example.net,4539862895.0,Phagwara,Arunachal Pradesh,2024-07-25
CUST00660,Ekavir Bhatt,cust00660@generated.com,919220715116.0,Vellore,Madhya Pradesh,2025-07-20
CUST00661,Hemal Goswami,mukhopadhyayisha@example.org,6471246335.0,Sonipat,Manipur,2022-04-26
CUST00662,Anmol Bhat,prakashgirish@example.org,918005640995.0,Malegaon,Gujarat,2025-10-02
CUST00663,Tejas Pai,dubeykavya@example.net,917282709081.0,Jalna,Bihar,2024-06-26
CUST00664,Zarna Ganesh,tankreyansh@example.net,919578671815.0,Ambarnath,Chhattisgarh,2023-07-21
CUST00665,Raghav Raval,parmardaniel@example.com,9181589988.0,Bongaigaon,Rajasthan,2023-03-24
CUST00666,Ekani Deshmukh,shora@example.net,6661707158.0,Phagwara,Madhya Pradesh,2024-02-13
CUST00667,Bhavna Bhakta,guhagaurav@example.com,9825080046.0,Nagercoil,Nagaland,2021-12-17
CUST00668,Yashoda Viswanathan,yashodaprabhakar@example.net,317235137.0,Aurangabad,Rajasthan,2021-08-25
CUST00669,Lakshmi Jha,mannanaayush@example.org,5263560229.0,Rampur,Maharashtra,2026-05-15
CUST00670,Samarth Mahajan,aanne@example.com,4374906072.0,Madurai,Rajasthan,2022-06-28
CUST00671,Nathan Suresh,goswamifalak@example.org,4648449411.0,Panihati,Assam,2026-03-27
CUST00672,Sai Datta,singhvarenya@example.org,913062113695.0,Asansol,Manipur,2021-11-12
CUST00673,Shivansh Nadkarni,atwalmichael@example.com,2573066248.0,Kamarhati,Goa,2023-03-03
CUST00674,Reva Bakshi,pboase@example.net,9999999999,Tadipatri,Telangana,2022-12-17
CUST00675,Kamala Barad,hemangkaur@example.org,906913098.0,Jaipur,Rajasthan,2025-07-27
CUST00676,Barkha Ram,cust00676@generated.com,4577278532.0,Akola,Madhya Pradesh,2023-09-15
CUST00677,Jhalak Bail,jmital@example.org,6836253666.0,Bidhannagar,Manipur,2024-10-26
CUST00678,Januja Nazareth,mohini28@example.org,913393957865.0,Kakinada,Madhya Pradesh,2022-09-20
CUST00679,Ikbal Sethi,nitara03@example.org,8268627036.0,Darbhanga,Telangana,2026-04-23
CUST00680,Neelima Hora,nishanadig@example.com,912759980111.0,Bangalore,West Bengal,2021-12-18
CUST00681,Gautam Munshi,samaksh23@example.com,915959775244.0,Kishanganj,Goa,2022-10-23
CUST00682,Ojasvi Dani,jdutt@example.net,7431271026.0,Nadiad,Meghalaya,2022-12-19
CUST00683,Janani Sastry,sarabahri@example.com,9551512294.0,Jalgaon,Bihar,2023-03-12
CUST00684,Brinda Chacko,warda09@example.net,2543848075.0,Faridabad,Rajasthan,2023-07-19
CUST00685,Adya Sen,cnazareth@example.com,7158029090.0,Nadiad,Gujarat,2025-07-07
CUST00686,Lipika Banik,keya55@example.net,6525483744.0,Hospet,Sikkim,2022-03-28
CUST00687,Yashodhara Comar,davehredhaan@example.org,912512931100.0,Tadipatri,Assam,2022-11-05
CUST00688,Ganga Cherian,bhallaliam@example.org,1211063301.0,Pondicherry,Rajasthan,2026-01-07
CUST00689,Vamakshi Hora,egrewal@example.com,9072801234.0,Hosur,Odisha,2023-02-16
CUST00690,Faqid Guha,ekantakari@example.org,9496843645.0,Bettiah,Andhra Pradesh,2023-08-28
CUST00691,Neel Bhattacharyya,bhatnagarwakeeta@example.com,961701595.0,Jehanabad,Himachal Pradesh,2024-03-25
CUST00692,Ishita Srinivasan,xalak47@example.com,3392056775.0,Madhyamgram,West Bengal,2025-06-19
CUST00693,Michael Dhar,bsaini@example.org,6265062292.0,Bareilly,Andhra Pradesh,2024-11-04
CUST00694,Mason Madan,rudra07@example.com,914843379766.0,Morbi,Sikkim,2022-01-09
CUST00695,Hitesh Bhavsar,vansha94@example.org,918736704254.0,Pudukkottai,Bihar,2022-08-14
CUST00696,Harita Prakash,kalasolanki@example.org,917563353574.0,Gangtok,Uttar Pradesh,2024-05-01
CUST00697,Joshua Nagy,warjaskrish@example.com,7058162951.0,Surendranagar Dudhrej,Punjab,2023-10-12
CUST00698,Shivani Ramachandran,anyadhar@example.com,917330559782.0,Imphal,Meghalaya,2024-03-10
CUST00699,Raghav Dara,darsh38@example.net,3660443240.0,Bidar,Assam,2024-08-26
CUST00700,Manbir Sekhon,mdugar@example.com,1474397429.0,North Dumdum,Andhra Pradesh,2022-07-27
CUST00701,Eta Sood,lucky56@example.net,916562590459.0,Sasaram,Arunachal Pradesh,2022-08-21
CUST00702,Devansh Bir,maxchaudry@example.net,913155516517.0,Bongaigaon,Arunachal Pradesh,2025-12-24
CUST00703,Meghana Dubey,johalsaumya@example.org,914330800370.0,Muzaffarnagar,Tripura,2023-06-30
CUST00704,Laksh Tella,ekantika66@example.org,4706810390.0,Berhampur,Odisha,2025-09-11
CUST00705,Ikshita Buch,yashodhara26@example.org,918094485862.0,Narasaraopet,Himachal Pradesh,2024-05-12
CUST00706,Eta Lad,pdar@example.com,798632106.0,Tiruppur,Gujarat,2026-05-14
CUST00707,Tanish Mitter,ubika03@example.net,3804032537.0,Khammam,Manipur,2024-11-03
CUST00708,Vyanjana Srinivasan,yuvraj19@example.org,910900404769.0,Jalandhar,Arunachal Pradesh,2024-08-24
CUST00709,Rayaan Sampath,faqid46@example.net,914014247310.0,Akola,Andhra Pradesh,2022-06-22
CUST00710,Wahab Shah,anamika09@example.com,912316600767.0,Akola,Andhra Pradesh,2026-06-03
CUST00711,Dev Mand,varenya34@example.org,4337009687.0,Nashik,Jharkhand,2024-08-12
CUST00712,Jhalak Shan,xgade@example.net,8825562965.0,Sri Ganganagar,Tripura,2024-01-02
CUST00713,Warda Reddy,rachana19@example.com,915577820582.0,Panvel,Rajasthan,2022-11-15
CUST00714,Samesh Randhawa,sainiisaac@example.net,9999999999,Bhiwandi,Karnataka,2024-09-09
CUST00715,Maya Kanda,nikita13@example.net,7230817214.0,Machilipatnam,Jharkhand,2023-04-19
CUST00716,Rayaan Bajwa,balasubramanianchakrika@example.org,912114716560.0,Tiruvottiyur,Madhya Pradesh,2024-09-14
CUST00717,Daksha Sangha,rbarman@example.com,917550476816.0,Pallavaram,Andhra Pradesh,2024-09-30
CUST00718,Vinaya Chadha,ikrishnan@example.org,913176539705.0,Suryapet,Tripura,2025-05-09
CUST00719,Nirja Chandran,daveayaan@example.net,1827496804.0,Hazaribagh,Meghalaya,2022-12-30
CUST00720,Chaaya Gaba,mannangarima@example.com,912137730626.0,Barasat,Goa,2023-06-02
CUST00721,Wakeeta Karnik,gdalia@example.org,912990775608.0,Tinsukia,Bihar,2025-01-28
CUST00722,Bahadurjit Mallick,esami@example.org,914576832102.0,Aurangabad,Goa,2023-03-10
CUST00723,Kashvi Lall,ybhavsar@example.net,919618033242.0,Hyderabad,Kerala,2022-01-10
CUST00724,Isaiah Vohra,aditya42@example.com,917337773126.0,Ulhasnagar,Sikkim,2022-08-06
CUST00725,Ekansh Sridhar,galayatin@example.net,5346060560.0,Dindigul,Madhya Pradesh,2025-05-05
CUST00726,Joshua Srinivas,pdugar@example.net,4716906181.0,Thane,Kerala,2023-11-16
CUST00727,Avni Shetty,chavvi89@example.com,7876989992.0,Naihati,Assam,2025-09-06
CUST00728,Zansi Bhatnagar,amrita44@example.net,3553935435.0,Alwar,Himachal Pradesh,2025-02-13
CUST00729,Liam Merchant,janakinagi@example.org,9821433952.0,Dindigul,Haryana,2024-11-05
CUST00730,Anika Sharaf,madhav49@example.org,1686013477.0,Sasaram,Odisha,2025-02-03
CUST00731,Amaira Behl,msuri@example.org,6651221500.0,Alwar,Bihar,2026-03-08
CUST00732,Joshua Char,cjayaraman@example.net,15944633.0,Tadipatri,Punjab,2026-05-15
CUST00733,Irya Khalsa,arinnadig@example.org,9999999999,Amravati,Bihar,2023-08-11
CUST00734,Timothy Khurana,lgandhi@example.org,1034699673.0,Salem,West Bengal,2022-03-19
CUST00735,Sachi Savant,leenarai@example.org,4376855078.0,Mango,Punjab,2023-04-07
CUST00736,Maanas Brahmbhatt,yganguly@example.com,913556434369.0,Nagpur,Sikkim,2026-04-23
CUST00737,Dhruv Sethi,ramachandranhemani@example.com,767616453.0,Ambarnath,Himachal Pradesh,2025-08-02
CUST00738,Om Kanda,balhaarraj@example.com,913121980418.0,Bidhannagar,Chhattisgarh,2024-01-04
CUST00739,Rajata Mallick,veerrout@example.com,918131909248.0,Bhusawal,Goa,2023-07-11
CUST00740,Rohan Bose,chaudhuriamruta@example.org,1785228230.0,Tirunelveli,Tripura,2023-11-01
CUST00741,Xiti Thaman,rameshkrishna@example.org,917223959473.0,Akola,Tamil Nadu,2022-06-14
CUST00742,Neel Basak,purohitlaban@example.org,7876886878.0,Medininagar,Odisha,2024-12-17
CUST00743,Nikita Ganesan,zdate@example.org,911954196664.0,Nagpur,Karnataka,2025-08-29
CUST00744,Amol Kale,cdin@example.net,2463203747.0,Kirari Suleman Nagar,Tamil Nadu,2025-06-22
CUST00745,Samarth Sheth,ojasvibehl@example.org,911450576619.0,Raichur,Uttarakhand,2025-11-16
CUST00746,Banjeet Srinivas,pandeygarima@example.org,8201284008.0,Saharsa,Kerala,2021-09-20
CUST00747,Netra Natt,npalan@example.com,5089177680.0,Jamnagar,Uttarakhand,2024-09-24
CUST00748,Ria Loke,luckyhegde@example.org,6463004023.0,Jehanabad,Gujarat,2025-01-25
CUST00749,Prisha Kumer,aadibhatti@example.org,914713727117.0,Tadepalligudem,Telangana,2024-09-06
CUST00750,Aarna Narayanan,nachiket98@example.net,9330674584.0,Machilipatnam,Arunachal Pradesh,2024-01-27
CUST00751,Hredhaan Divan,theodorekothari@example.com,911885666954.0,Latur,Goa,2025-08-10
CUST00752,Dipta Bhandari,bravi@example.org,7055143776.0,Machilipatnam,Maharashtra,2023-07-08
CUST00753,Yagnesh Gala,nathaniel95@example.net,1111028671.0,Faridabad,Andhra Pradesh,2025-07-10
CUST00754,Bachittar Deol,jeevika59@example.org,912451091090.0,Tirunelveli,Madhya Pradesh,2025-09-08
CUST00755,Amara Manne,manelakshit@example.org,9428179340.0,Sonipat,Sikkim,2022-11-25
CUST00756,Sneha Parmer,chaaya66@example.org,5337220109.0,Siliguri,Bihar,2025-05-02
CUST00757,Manthan Borah,gaurangi59@example.org,7661894370.0,Sangli-Miraj & Kupwad,Madhya Pradesh,2023-02-22
CUST00758,Dominic Bawa,krishnanlopa@example.org,7657256592.0,Dehradun,Himachal Pradesh,2025-01-19
CUST00759,Vidhi Natt,brijeshdey@example.org,9743260055.0,Naihati,Andhra Pradesh,2022-05-28
CUST00760,Yachana Jaggi,manbirnatarajan@example.net,8486899936.0,Malda,Telangana,2026-03-03
CUST00761,Tanmayi Basu,gaurangi06@example.net,1767993593.0,Bilaspur,Jharkhand,2021-11-05
CUST00762,Aachal Rana,aayush83@example.org,917360601488.0,Pune,Mizoram,2024-02-14
CUST00763,Watika Kala,jack36@example.net,5283061537.0,Navi Mumbai,Chhattisgarh,2023-09-18
CUST00764,Brinda Kurian,bedwin@example.org,2514488112.0,Delhi,Haryana,2022-01-28
CUST00765,Praneel Comar,hnazareth@example.net,7817941515.0,Munger,Uttar Pradesh,2023-02-16
CUST00766,Andrew Chadha,gabamadhav@example.com,9999999999,Rajpur Sonarpur,Goa,2023-02-18
CUST00767,Ekalinga Karan,yshankar@example.com,5300730950.0,Sonipat,Maharashtra,2021-07-31
CUST00768,Ubika Chada,gopalverma@example.net,919277885190.0,Sambalpur,Jharkhand,2026-01-31
CUST00769,Chaaya Barad,bhaktacharita@example.net,914624561851.0,Aizawl,Telangana,2024-01-25
CUST00770,Arin Bal,falak21@example.org,9915114551.0,Gangtok,Gujarat,2026-06-20
CUST00771,Vincent Bawa,deepa88@example.org,8984841604.0,Tiruchirappalli,Sikkim,2024-05-08
CUST00772,Charles Devan,chandraaayush@example.org,756814298.0,Jodhpur,Karnataka,2022-12-13
CUST00773,Hemang Badal,ukamdar@example.net,912836084937.0,Allahabad,Maharashtra,2023-04-24
CUST00774,Reyansh Wable,hemangini26@example.net,9443916497.0,Raipur,Madhya Pradesh,2023-02-21
CUST00775,Kabir Gour,kotharikevin@example.net,913301623419.0,Bhagalpur,Tamil Nadu,2022-06-17
CUST00776,Odika Chhabra,samuel72@example.org,1556684732.0,Pali,Kerala,2023-02-12
CUST00777,Vrishti Suresh,rajeshri04@example.org,7200784361.0,Ajmer,Jharkhand,2023-11-22
CUST00778,Pooja Atwal,ewagle@example.net,5437347642.0,Muzaffarnagar,Manipur,2022-08-26
CUST00779,Wahab Sunder,jkanda@example.net,2145841484.0,Jaipur,Assam,2026-05-05
CUST00780,Wyatt Mandal,yash89@example.net,2780205869.0,Mumbai,Meghalaya,2023-02-28
CUST00781,Ikbal Mohan,skrishnamurthy@example.com,3699951679.0,Sambalpur,Karnataka,2021-11-27
CUST00782,Ishanvi Sinha,gauritailor@example.org,8011923603.0,Haridwar,Nagaland,2022-02-18
CUST00783,Ridhi Deshmukh,tanishkamdar@example.com,910409614973.0,Mau,Haryana,2022-07-12
CUST00784,Zashil Yadav,chaitanyasoni@example.net,8207365118.0,Ramgarh,Himachal Pradesh,2021-07-08
CUST00785,Ikshita Parikh,bgala@example.net,919043223023.0,Davanagere,Chhattisgarh,2024-01-10
CUST00786,Darsh Sengupta,krishbalay@example.org,3546212760.0,Dindigul,Arunachal Pradesh,2026-01-19
CUST00787,Osha Chopra,dugarsiddharth@example.org,916163248889.0,Bidhannagar,Goa,2026-01-18
CUST00788,Saumya Sandal,saimallick@example.com,9303646871.0,Cuttack,Arunachal Pradesh,2023-06-21
CUST00789,Varenya Rana,chatreshvasa@example.org,3230898138.0,Sonipat,Mizoram,2026-02-02
CUST00790,Aashi Lal,laban20@example.com,3231829716.0,Pondicherry,Manipur,2022-12-01
CUST00791,Geetika Balan,apteavi@example.net,15291137.0,Bahraich,Uttar Pradesh,2026-02-06
CUST00792,Dakshesh Bal,iramunshi@example.com,1844421829.0,Tumkur,Meghalaya,2025-12-16
CUST00793,Matthew Gill,yachana90@example.com,7086700900.0,Sambalpur,Madhya Pradesh,2024-06-14
CUST00794,Gaurang Pathak,mason66@example.net,913624835505.0,Tirunelveli,Uttar Pradesh,2026-06-04
CUST00795,Benjamin Baral,abera@example.org,916998795098.0,Cuttack,Assam,2022-01-12
CUST00796,Champak Das,hkrishnan@example.org,8044287738.0,Burhanpur,Tamil Nadu,2023-02-11
CUST00797,Mugdha Loyal,mohammedbhatti@example.org,6942894642.0,Latur,Maharashtra,2022-08-17
CUST00798,Raagini Kala,mukherjeezayan@example.org,646255402.0,Berhampur,Telangana,2024-08-27
CUST00799,Rachit Memon,arinchad@example.com,4644898803.0,Arrah,Haryana,2026-03-31
CUST00800,Anya Narula,cust00800@generated.com,5040433335.0,Hajipur,Himachal Pradesh,2026-07-06
CUST00801,Jason Rana,lohitchaudry@example.org,919787180933.0,Davanagere,Meghalaya,2023-05-12
CUST00802,Nidhi Naidu,balveerray@example.org,1198756178.0,Suryapet,Telangana,2025-12-23
CUST00803,Advaith Goyal,avibalan@example.net,915618298036.0,Chittoor,Rajasthan,2025-09-30
CUST00804,Bhanumati Dar,naggarwal@example.net,916595201491.0,Hajipur,Rajasthan,2026-05-29
CUST00805,Ikbal Zacharia,upkaar36@example.net,5092632239.0,Srinagar,Haryana,2025-05-10
CUST00806,Gautami Nazareth,fbose@example.com,914288605053.0,Tenali,Maharashtra,2025-03-21
CUST00807,Zilmil Char,davepooja@example.org,913083566910.0,Jamnagar,Sikkim,2025-05-23
CUST00808,Ekani Kala,gilltejas@example.com,5068826917.0,Khandwa,Tripura,2026-04-17
CUST00809,Shivansh Vohra,bina01@example.org,8087354378.0,Vellore,Arunachal Pradesh,2023-04-27
CUST00810,Kavya Dash,chaudrykamala@example.com,908599144.0,Pune,Tamil Nadu,2025-05-15
CUST00811,Noah Rau,xprashad@example.net,8997184285.0,Jehanabad,Haryana,2022-10-07
CUST00812,Harshil Menon,telladayita@example.net,3231234266.0,Vellore,Punjab,2021-09-17
CUST00813,Mohammed Rao,shankaromisha@example.org,7234838935.0,Latur,Mizoram,2022-09-11
CUST00814,Bhavani Aggarwal,nikita12@example.net,9650826958.0,Raebareli,Sikkim,2023-10-12
CUST00815,Lavanya Radhakrishnan,niharika13@example.org,7612385951.0,Nellore,Tripura,2023-10-15
CUST00816,Manthan Khosla,yashodhara40@example.org,917300869661.0,Bhiwandi,Uttarakhand,2024-10-22
CUST00817,Falan Bumb,gaurikabal@example.org,916809414915.0,Malda,Maharashtra,2023-01-09
CUST00818,Saanvi Sabharwal,chandreshpillay@example.org,4407779462.0,Sultan Pur Majra,Chhattisgarh,2024-12-11
CUST00819,Kalpit Devan,anirudh81@example.net,7602991406.0,Jabalpur,Gujarat,2023-03-16
CUST00820,Sudiksha Kata,deodipta@example.com,2356178170.0,Dehradun,Sikkim,2022-05-19
CUST00821,Nihal Acharya,ochowdhury@example.com,918527789561.0,Bellary,Manipur,2022-02-23
CUST00822,Damyanti Lalla,gangulyekantika@example.org,916480164403.0,Kurnool,Sikkim,2023-08-24
CUST00823,Mitali Singhal,dharubika@example.net,8221021798.0,Kota,Rajasthan,2023-02-28
CUST00824,Zilmil Saini,hariniswamy@example.net,9736383182.0,Alappuzha,Andhra Pradesh,2024-05-24
CUST00825,Shivani Bajaj,zsangha@example.net,917706736820.0,Delhi,Madhya Pradesh,2026-02-11
CUST00826,Frado Garg,udarshpalla@example.com,2165058714.0,Jehanabad,Chhattisgarh,2022-02-19
CUST00827,Elijah Dewan,mitali79@example.org,9843699848.0,Kozhikode,Chhattisgarh,2021-11-02
CUST00828,Bahadurjit Karpe,gkrishna@example.com,2495988114.0,Bidhannagar,Rajasthan,2026-02-27
CUST00829,Balendra Sastry,parikhpraneel@example.org,6767382097.0,Nadiad,Tripura,2022-03-07
CUST00830,Triya Talwar,irajagopalan@example.org,9687225893.0,Agra,Uttar Pradesh,2026-01-16
CUST00831,Aadi Rastogi,wazirpillay@example.org,4056695790.0,Amravati,Goa,2023-11-23
CUST00832,Hema Prasad,zayan28@example.com,9632594232.0,Katni,Uttarakhand,2023-05-29
CUST00833,Harshil Oak,qgala@example.org,5285725629.0,Sambhal,Odisha,2023-05-27
CUST00834,Hemal Wagle,harsh38@example.org,6550784685.0,Phagwara,Karnataka,2025-08-31
CUST00835,Advika Kapur,haridamini@example.net,1891179720.0,Nagaon,Uttarakhand,2024-05-09
CUST00836,Amruta Barad,patlashivansh@example.com,9999999999,Ambarnath,Punjab,2023-05-05
CUST00837,Vamakshi Vohra,khannapooja@example.com,94214105.0,Sirsa,Madhya Pradesh,2026-01-07
CUST00838,Urvashi Bhasin,vanyaahuja@example.com,2388856225.0,Erode,Arunachal Pradesh,2024-04-11
CUST00839,Shivani Yohannan,cust00839@generated.com,917585485965.0,Srikakulam,Jharkhand,2023-01-11
CUST00840,Daksha Dani,cust00840@generated.com,910002453931.0,Mira-Bhayandar,Rajasthan,2022-07-02
CUST00841,Edhitha Biswas,abdulnaik@example.com,9999999999,Kharagpur,Odisha,2025-09-09
CUST00842,Xalak Kapadia,osen@example.com,4620258254.0,Coimbatore,Mizoram,2023-05-17
CUST00843,Hitesh Deol,devdate@example.org,2049106018.0,Vijayanagaram,Himachal Pradesh,2025-09-05
CUST00844,Samar Sheth,arjun82@example.com,8172257754.0,Kishanganj,Rajasthan,2023-10-11
CUST00845,Krishna Raghavan,bachittarnanda@example.org,1876831608.0,Gandhidham,Bihar,2025-07-03
CUST00846,Dev Shankar,rushilsavant@example.net,3992052229.0,Bulandshahr,Goa,2022-05-17
CUST00847,Eta Borra,warinder88@example.org,912553983584.0,Erode,Bihar,2025-09-04
CUST00848,Waida Kanda,mayamann@example.org,919544979127.0,Delhi,Goa,2026-05-17
CUST00849,Ria Boase,christophernarula@example.org,9787137529.0,Bikaner,Chhattisgarh,2021-10-03
CUST00850,Krish Patla,jbhagat@example.org,910048797888.0,Karnal,Sikkim,2023-04-23
CUST00851,Yoshita Parikh,warjaswarrior@example.com,910304436199.0,Bhubaneswar,Manipur,2022-01-30
CUST00852,Nicholas Kade,bajajmanthan@example.net,2950143748.0,Howrah,Punjab,2023-03-09
CUST00853,Ojasvi Singhal,kadexalak@example.org,1260221321.0,Alappuzha,Manipur,2022-09-14
CUST00854,Ishwar Chakraborty,chowdhurylavanya@example.com,912201907258.0,Kulti,Gujarat,2023-05-04
CUST00855,Chaaya Hans,vrai@example.org,274812421.0,Anantapuram,Andhra Pradesh,2026-04-07
CUST00856,Logan Nazareth,narainkrish@example.org,4620935561.0,Kakinada,Tamil Nadu,2026-05-10
CUST00857,Kabir Taneja,chatterjeeveer@example.com,912436585856.0,Bikaner,Gujarat,2021-09-30
CUST00858,Falan Dugal,dhaliwalvasatika@example.org,1592738740.0,Khora ,Punjab,2022-01-15
CUST00859,Frederick Sankar,abains@example.org,9999999999,Patna,Haryana,2022-01-06
CUST00860,Anay Patil,ktaneja@example.net,5649157955.0,Khandwa,Uttarakhand,2022-12-25
CUST00861,Zayan Srinivasan,devanzayan@example.com,108018103.0,Haridwar,Nagaland,2023-06-22
CUST00862,Shivani Rastogi,gautam72@example.com,808157129.0,Moradabad,Karnataka,2022-01-12
CUST00863,Frado Hayre,regesneha@example.org,910735104584.0,Dewas,Gujarat,2024-12-03
CUST00864,Ishaan Hegde,badalradhika@example.org,8857669470.0,Jamshedpur,Nagaland,2021-07-24
CUST00865,Rushil Iyer,zdugar@example.com,6662159183.0,Fatehpur,Andhra Pradesh,2021-10-15
CUST00866,Amaira Rau,gsandal@example.com,9011079771.0,Agra,Andhra Pradesh,2023-10-02
CUST00867,Ekansh Madan,murtyzaid@example.net,1520499809.0,Khora ,Uttarakhand,2025-09-28
CUST00868,Waida Kapur,issacubika@example.net,1669841661.0,Thrissur,Meghalaya,2023-12-15
CUST00869,Vedhika Srinivasan,yuvraj32@example.com,2389949919.0,Kanpur,Assam,2023-10-06
CUST00870,Raagini Dewan,kalaunni@example.org,7821160204.0,Bongaigaon,Uttar Pradesh,2022-03-25
CUST00871,Kala Varghese,hdin@example.org,889480186.0,Avadi,Nagaland,2022-09-10
CUST00872,Jai Seth,yochana39@example.com,5708200480.0,Bhalswa Jahangir Pur,Karnataka,2025-07-17
CUST00873,Pranit Gulati,tchada@example.net,1128794296.0,Madhyamgram,Telangana,2024-11-07
CUST00874,Chandresh Loke,pantveer@example.net,914196156078.0,Belgaum,Meghalaya,2023-12-07
CUST00875,Gauri Purohit,hredhaan79@example.net,6240964966.0,Bilaspur,Punjab,2025-03-02
CUST00876,Amaira Sethi,max17@example.org,918516225936.0,Hosur,Nagaland,2022-07-31
CUST00877,Yadavi Kapadia,mugdha88@example.org,624672879.0,Khandwa,Andhra Pradesh,2022-01-21
CUST00878,Charita Borah,isaiahkothari@example.com,9236133760.0,Gaya,Haryana,2021-11-21
CUST00879,Ekani Vaidya,rattangaurangi@example.net,912544724191.0,Ratlam,Rajasthan,2021-10-14
CUST00880,Bimala Mahal,sahaneelima@example.org,7182498980.0,Rewa,Manipur,2026-03-16
CUST00881,Gunbir Magar,savantanika@example.com,1359266486.0,Amaravati,Madhya Pradesh,2026-03-11
CUST00882,Devika Toor,smuni@example.org,5945011929.0,Howrah,West Bengal,2025-07-31
CUST00883,Yatin Raj,panchalishaan@example.org,1603988636.0,Kulti,Maharashtra,2022-08-02
CUST00884,Yutika Lad,kashish90@example.com,9942489.0,Mangalore,Arunachal Pradesh,2024-01-05
CUST00885,Keya Mahal,fsankar@example.com,915642045657.0,Mau,Nagaland,2021-10-06
CUST00886,Darika Nagar,rehaantoor@example.net,916235466226.0,Ramagundam,Arunachal Pradesh,2022-06-09
CUST00887,Gaurika Palan,chatreshandra@example.net,6221224276.0,Bhalswa Jahangir Pur,Jharkhand,2024-12-05
CUST00888,Diya Bhavsar,gbala@example.org,914115848860.0,Jorhat,Andhra Pradesh,2022-06-09
CUST00889,Zaitra Randhawa,jtalwar@example.org,911299570472.0,Firozabad,West Bengal,2022-11-29
CUST00890,Faqid Din,galachatresh@example.org,4375365968.0,Surendranagar Dudhrej,Nagaland,2024-06-30
CUST00891,Jyoti Lanka,dayitadatta@example.org,8385454006.0,Farrukhabad,Rajasthan,2024-08-22
CUST00892,Unni Nigam,ronithbose@example.org,913274897917.0,Sikar,Tripura,2023-04-09
CUST00893,Chaaya Ganesan,bgara@example.org,8621750801.0,Shahjahanpur,Uttarakhand,2021-11-14
CUST00894,Falguni Hayer,rajuvictor@example.com,8824935340.0,Vasai-Virar,Mizoram,2022-02-07
CUST00895,Ridhi Som,yoshita16@example.com,914445446083.0,Amritsar,Meghalaya,2023-05-14
CUST00896,Hredhaan Aurora,wridesh91@example.org,7884869996.0,Khora ,Arunachal Pradesh,2024-02-13
CUST00897,Vasana Deol,rcheema@example.com,2463019864.0,Agartala,Chhattisgarh,2023-04-01
CUST00898,Shivani Gaba,wazirchauhan@example.org,918706293288.0,Gangtok,Nagaland,2023-04-27
CUST00899,Madhav Dara,dadaalexander@example.org,912001867661.0,Ludhiana,Mizoram,2026-04-06
CUST00900,Libni Dara,chackochakrika@example.org,6140384531.0,Karawal Nagar,Himachal Pradesh,2025-02-05
CUST00901,Robert Murty,nilima95@example.net,910030762054.0,Giridih,Madhya Pradesh,2025-03-28
CUST00902,Garima Bahri,sarinrachita@example.net,6411065411.0,Ichalkaranji,Andhra Pradesh,2025-04-26
CUST00903,Harish Rastogi,upasna08@example.net,915836683482.0,Deoghar,Telangana,2026-05-06
CUST00904,Nathaniel Rama,haurora@example.org,6888917879.0,Bharatpur,Andhra Pradesh,2024-09-02
CUST00905,Pranit Patil,kbrahmbhatt@example.com,932012657.0,Nadiad,Andhra Pradesh,2024-02-03
CUST00906,Abdul Pillay,elijahshenoy@example.com,8517774127.0,Kharagpur,Punjab,2023-02-02
CUST00907,Gopal Dhillon,george99@example.com,916422297589.0,Hospet,Arunachal Pradesh,2023-10-07
CUST00908,Amaira Deo,palchaaya@example.com,568209225.0,Mumbai,Tamil Nadu,2026-05-27
CUST00909,Chandran Bhatnagar,tkanda@example.com,4072324728.0,Karaikudi,Punjab,2024-04-22
CUST00910,Abdul Bhardwaj,sunderzinal@example.net,2247312616.0,Chennai,Meghalaya,2022-01-28
CUST00911,Indali Bhargava,cust00911@generated.com,2711526105.0,Gandhidham,Arunachal Pradesh,2026-05-12
CUST00912,Ryan Bassi,shereekavir@example.com,5007418948.0,Durg,Haryana,2022-09-18
CUST00913,Odika Kala,ipadmanabhan@example.net,4716198273.0,Siwan,Assam,2023-05-01
CUST00914,Balendra Kuruvilla,chakradev25@example.net,9632174357.0,Loni,Tripura,2023-07-29
CUST00915,Max Salvi,ravianjali@example.net,673983448.0,Motihari,Jharkhand,2023-01-08
CUST00916,Vedant Raja,nidra28@example.org,5077406579.0,Nagercoil,Assam,2024-08-12
CUST00917,Nathaniel Jha,adityabandi@example.net,5107409131.0,Salem,Manipur,2025-10-31
CUST00918,Girish Bahl,falgunimerchant@example.net,6022069535.0,Gwalior,Sikkim,2023-01-09
CUST00919,Fitan Deshmukh,rakshamurthy@example.net,26015153.0,Sri Ganganagar,Uttar Pradesh,2023-09-22
CUST00920,Harinakshi Balay,cmandal@example.com,917327980595.0,Ahmednagar,Sikkim,2022-01-28
CUST00921,Aditya Ramaswamy,tarak40@example.org,9104520360.0,Rajkot,Assam,2026-02-18
CUST00922,Girindra Kant,owen85@example.com,915952056100.0,Morbi,Odisha,2026-06-06
CUST00923,Anirudh Rao,ebhargava@example.net,7740378423.0,Jehanabad,West Bengal,2023-12-22
CUST00924,Kavya Kar,agatemaya@example.com,6255032501.0,Rajpur Sonarpur,Madhya Pradesh,2024-03-06
CUST00925,Kalpit Raman,bhavikacherian@example.com,4290292334.0,Bareilly,Assam,2021-08-24
CUST00926,Balveer Sama,parekhyash@example.org,8868430211.0,Singrauli,Manipur,2023-05-22
CUST00927,Abeer Manda,tanmayi59@example.net,7592129964.0,Tenali,Arunachal Pradesh,2023-06-25
CUST00928,Oni Gola,dhaliwaltanvi@example.com,8214770920.0,Raipur,Assam,2024-06-11
CUST00929,Upkaar Ahuja,ranbirsankar@example.net,911921581897.0,Ambarnath,Odisha,2022-04-27
CUST00930,Hitesh Choudhury,ikakar@example.com,8819597721.0,Miryalaguda,Mizoram,2021-11-23
CUST00931,Harinakshi Khalsa,wwarrior@example.net,9999999999,Bathinda,Jharkhand,2021-12-20
CUST00932,Yoshita Devi,vanshagaba@example.org,912839482322.0,Nizamabad,Assam,2023-11-16
CUST00933,Vidhi Mallick,karanvohra@example.net,911659930202.0,Dhule,Arunachal Pradesh,2023-11-15
CUST00934,Theodore Deep,revatank@example.com,911353028165.0,Vellore,Himachal Pradesh,2024-11-18
CUST00935,Aarnav Bhandari,vihaan77@example.com,6919832102.0,Vijayanagaram,Sikkim,2022-02-22
CUST00936,Chanchal Radhakrishnan,dutttejas@example.org,914384196622.0,Panihati,Bihar,2025-02-01
CUST00937,Akshay Thaker,perinidra@example.net,6670636219.0,Mirzapur,Kerala,2022-01-11
CUST00938,Bhavini Kumar,balhaar76@example.com,914933965049.0,Rourkela,Manipur,2023-02-17
CUST00939,Om Rajan,radhadalal@example.org,2436258542.0,Kottayam,West Bengal,2025-11-18
CUST00940,Waida Chaudhari,odivan@example.org,4199643385.0,Guntur,Telangana,2023-11-30
CUST00941,Rachit Pau,patlawarinder@example.org,914303115876.0,Dindigul,Telangana,2023-10-15
CUST00942,Unni Ramakrishnan,xalak57@example.com,4535365974.0,Kharagpur,Telangana,2025-10-17
CUST00943,Devansh Sankar,avnidate@example.org,915450809594.0,Mau,Goa,2024-11-28
CUST00944,Ekantika Prabhu,tranganathan@example.com,911307423591.0,Bokaro,Madhya Pradesh,2022-07-23
CUST00945,Charles Lanka,yugdugar@example.com,914543079637.0,Vasai-Virar,Sikkim,2021-09-02
CUST00946,Jairaj Tandon,oliver21@example.org,8718452354.0,Bhiwani,Mizoram,2025-06-08
CUST00947,Amara Tara,chowdhurywidisha@example.org,2086523777.0,Gangtok,Maharashtra,2024-12-02
CUST00948,Niharika Guha,upadhritiaggarwal@example.org,52781055.0,Vadodara,Andhra Pradesh,2022-10-23
CUST00949,Pranav Dave,morequincy@example.com,3160943913.0,Dehri,Uttar Pradesh,2022-04-03
CUST00950,Nitesh Banerjee,jairajhora@example.com,5528620929.0,Shahjahanpur,Kerala,2022-08-09
CUST00951,Indira Kala,manbirgara@example.org,7393899204.0,Bhalswa Jahangir Pur,Tamil Nadu,2023-05-28
CUST00952,Umang Dayal,pallavisane@example.org,5076108708.0,Pali,Punjab,2025-10-01
CUST00953,Yashasvi Dutt,lakshmibarad@example.org,917126158388.0,Hubli–Dharwad,West Bengal,2025-09-16
CUST00954,Adweta Walla,neha73@example.com,4223322280.0,Narasaraopet,Jharkhand,2023-09-04
CUST00955,Hiral Dube,pranavpandya@example.com,916295350637.0,Jabalpur,West Bengal,2022-06-29
CUST00956,Anita Ranganathan,gmajumdar@example.org,917538418520.0,Muzaffarnagar,Tripura,2024-10-17
CUST00957,Nandini Bhandari,mohini39@example.net,5615470554.0,Akola,Rajasthan,2022-02-02
CUST00958,Gabriel Sangha,ekbal19@example.net,5640919693.0,Hospet,Nagaland,2025-09-28
CUST00959,Qasim Bhasin,zacharya@example.org,914262019712.0,Jalgaon,Jharkhand,2022-02-20
CUST00960,Yagnesh Sani,ishere@example.net,7609873126.0,Karawal Nagar,Haryana,2022-03-13
CUST00961,Kevin Sarma,dbala@example.com,9889786533.0,Panihati,Bihar,2022-04-18
CUST00962,Falguni More,azaanvala@example.net,9523120219.0,Nagercoil,Uttarakhand,2021-09-19
CUST00963,Vedika Radhakrishnan,barkha97@example.com,2687644.0,Mehsana,Madhya Pradesh,2024-01-19
CUST00964,Shivani More,sainisaksham@example.com,6045006355.0,Nandyal,Gujarat,2021-11-01
CUST00965,Anita Sandhu,ucchalsastry@example.org,919529635305.0,Bangalore,Goa,2024-08-24
CUST00966,Imaran Edwin,turvisachdev@example.net,916431594898.0,Pudukkottai,Madhya Pradesh,2024-06-25
CUST00967,Odika Saran,chanchalnarayanan@example.com,3441491699.0,Narasaraopet,Haryana,2023-09-19
CUST00968,Shravya Mane,anamikarout@example.com,918822309586.0,Mahbubnagar,Telangana,2025-07-29
CUST00969,Anamika Chaudhry,nakulchawla@example.org,7202170754.0,Nellore,Jharkhand,2025-01-10
CUST00970,Gayathri Sodhi,jeremiahbarad@example.org,910449646129.0,Tezpur,Arunachal Pradesh,2021-10-01
CUST00971,Ishani Chhabra,ishwarjani@example.net,5658963595.0,Delhi,Nagaland,2025-03-05
CUST00972,Tejas Biswas,jalsa84@example.org,5663113885.0,Kurnool,Jharkhand,2023-01-29
CUST00973,Nikita Dugar,bahadurjitkothari@example.org,7424631043.0,Adoni,Maharashtra,2025-10-22
CUST00974,Ayaan Bali,lohit94@example.com,217741743.0,Barasat,Gujarat,2024-03-23
CUST00975,Mohammed Kari,champak22@example.net,9999999999,Saharsa,Chhattisgarh,2023-07-04
CUST00976,Laban Babu,gangarattan@example.net,913303033467.0,Jabalpur,Telangana,2022-07-24
CUST00977,Tanmayi Patla,sarmaprisha@example.org,9955302453.0,Vijayawada,Goa,2023-06-25
CUST00978,Vinaya Garde,ayushkalita@example.com,2028471901.0,Ujjain,Goa,2022-08-23
CUST00979,Charles Prakash,sarnaodika@example.com,8717754619.0,Bilaspur,Arunachal Pradesh,2024-10-20
CUST00980,Utkarsh Yadav,ydube@example.net,2581225909.0,Kharagpur,Madhya Pradesh,2026-01-21
CUST00981,Aachal Tripathi,yugsunder@example.org,3791212110.0,Bettiah,Manipur,2025-11-19
CUST00982,Warinder Pal,qbedi@example.org,740392519.0,Raichur,Goa,2024-03-23
CUST00983,Wakeeta Chaudry,parthdhar@example.com,4338722054.0,Asansol,Bihar,2024-09-17
CUST00984,Krisha Nagi,lavanya33@example.net,833444704.0,Danapur,Punjab,2026-06-14
CUST00985,Advik Madan,zbail@example.org,915968519537.0,Bardhaman,Punjab,2023-01-23
CUST00986,Prisha Kadakia,edhithasachdeva@example.org,2777522592.0,Gurgaon,Assam,2024-11-29
CUST00987,Fiyaz Dhar,ayaanpillay@example.net,2294115630.0,Gudivada,Karnataka,2024-03-15
CUST00988,Viraj Sarin,ubikadube@example.net,2942066154.0,Suryapet,Karnataka,2022-05-05
CUST00989,Samarth Chhabra,banjeetbassi@example.com,8321122121.0,Sagar,Mizoram,2022-06-22
CUST00990,Mitesh Saran,fwason@example.com,191854880.0,Tirupati,Jharkhand,2022-08-26
CUST00991,Brijesh Rama,yadavitank@example.com,8735856646.0,Kochi,Punjab,2025-03-21
CUST00992,Teerth Minhas,isaacdhaliwal@example.net,2213204104.0,Pudukkottai,Himachal Pradesh,2026-01-15
CUST00993,Isaiah Manda,kvaidya@example.net,911797269999.0,Ramgarh,Tamil Nadu,2025-12-30
CUST00994,Naveen Varkey,indrajitbahri@example.org,916660200053.0,Panvel,Karnataka,2023-02-28
CUST00995,Ranbir Char,nagychakradhar@example.com,914383805826.0,Buxar,Tripura,2022-01-18
CUST00996,Shravya Rao,dgade@example.com,913283896337.0,Gwalior,Mizoram,2024-05-17
CUST00997,Neha Goel,gsha@example.org,8410132823.0,Narasaraopet,Chhattisgarh,2022-05-12
CUST00998,Ikshita Grover,hbhatnagar@example.com,9999999999,Chennai,Rajasthan,2026-02-04
CUST00999,Amaira Kota,dattaunni@example.net,6178159698.0,Hosur,Tamil Nadu,2024-01-22
CUST01000,Widisha Gokhale,doramahika@example.com,6862959125.0,Kurnool,Jharkhand,2025-10-30
